timestamp,gpu_index,memory_used_mib,memory_total_mib,gpu_utilization_percent,power_watts
2026/09/11 16:20:31.387, 0, 0, 97871, 0, 77.54
2026/09/11 16:20:31.391, 1, 0, 97871, 0, 91.18
2026/09/11 16:20:31.394, 2, 0, 97871, 0, 76.75
2026/09/11 16:20:31.397, 3, 0, 97871, 0, 81.42
2026/09/11 16:20:31.601, 0, 0, 97871, 0, 74.61
2026/09/11 16:20:31.601, 1, 0, 97871, 0, 81.65
2026/09/11 16:20:31.601, 2, 0, 97871, 0, 74.75
2026/09/11 16:20:31.601, 3, 0, 97871, 0, 75.56
2026/09/11 16:20:31.801, 0, 0, 97871, 0, 74.39
2026/09/11 16:20:31.801, 1, 0, 97871, 0, 75.84
2026/09/11 16:20:31.801, 2, 0, 97871, 0, 74.69
2026/09/11 16:20:31.801, 3, 0, 97871, 0, 75.32
2026/09/11 16:20:32.001, 0, 0, 97871, 0, 74.24
2026/09/11 16:20:32.001, 1, 0, 97871, 0, 75.76
2026/09/11 16:20:32.001, 2, 0, 97871, 0, 74.66
2026/09/11 16:20:32.001, 3, 0, 97871, 0, 75.23
2026/09/11 16:20:32.202, 0, 0, 97871, 0, 74.17
2026/09/11 16:20:32.202, 1, 0, 97871, 0, 75.72
2026/09/11 16:20:32.202, 2, 0, 97871, 0, 74.64
2026/09/11 16:20:32.202, 3, 0, 97871, 0, 75.12
2026/09/11 16:20:32.402, 0, 0, 97871, 0, 74.08
2026/09/11 16:20:32.402, 1, 0, 97871, 0, 75.72
2026/09/11 16:20:32.402, 2, 0, 97871, 0, 74.63
2026/09/11 16:20:32.402, 3, 0, 97871, 0, 74.99
2026/09/11 16:20:32.602, 0, 0, 97871, 0, 74.05
2026/09/11 16:20:32.602, 1, 0, 97871, 0, 75.73
2026/09/11 16:20:32.602, 2, 0, 97871, 0, 74.64
2026/09/11 16:20:32.602, 3, 0, 97871, 0, 74.97
2026/09/11 16:20:32.802, 0, 0, 97871, 0, 74.06
2026/09/11 16:20:32.802, 1, 0, 97871, 0, 75.73
2026/09/11 16:20:32.802, 2, 0, 97871, 0, 74.63
2026/09/11 16:20:32.802, 3, 0, 97871, 0, 75.00
2026/09/11 16:20:33.002, 0, 0, 97871, 0, 74.05
2026/09/11 16:20:33.002, 1, 0, 97871, 0, 75.72
2026/09/11 16:20:33.002, 2, 0, 97871, 0, 74.63
2026/09/11 16:20:33.002, 3, 0, 97871, 0, 74.97
2026/09/11 16:20:33.202, 0, 0, 97871, 0, 74.01
2026/09/11 16:20:33.203, 1, 0, 97871, 0, 75.71
2026/09/11 16:20:33.203, 2, 0, 97871, 0, 74.61
2026/09/11 16:20:33.203, 3, 0, 97871, 0, 74.93
2026/09/11 16:20:33.403, 0, 0, 97871, 0, 74.02
2026/09/11 16:20:33.403, 1, 0, 97871, 0, 75.67
2026/09/11 16:20:33.403, 2, 0, 97871, 0, 74.63
2026/09/11 16:20:33.403, 3, 0, 97871, 0, 74.99
2026/09/11 16:20:33.603, 0, 0, 97871, 0, 74.02
2026/09/11 16:20:33.603, 1, 0, 97871, 0, 75.65
2026/09/11 16:20:33.603, 2, 0, 97871, 0, 74.62
2026/09/11 16:20:33.603, 3, 0, 97871, 0, 74.94
2026/09/11 16:20:33.803, 0, 0, 97871, 0, 73.99
2026/09/11 16:20:33.803, 1, 0, 97871, 0, 75.66
2026/09/11 16:20:33.803, 2, 0, 97871, 0, 74.63
2026/09/11 16:20:33.803, 3, 0, 97871, 0, 74.89
2026/09/11 16:20:34.003, 0, 0, 97871, 0, 74.03
2026/09/11 16:20:34.003, 1, 0, 97871, 0, 75.67
2026/09/11 16:20:34.003, 2, 0, 97871, 0, 74.61
2026/09/11 16:20:34.004, 3, 0, 97871, 0, 74.95
2026/09/11 16:20:34.204, 0, 0, 97871, 0, 74.05
2026/09/11 16:20:34.204, 1, 0, 97871, 0, 75.68
2026/09/11 16:20:34.204, 2, 0, 97871, 0, 74.60
2026/09/11 16:20:34.204, 3, 0, 97871, 0, 74.95
2026/09/11 16:20:34.404, 0, 0, 97871, 0, 74.03
2026/09/11 16:20:34.404, 1, 0, 97871, 0, 75.67
2026/09/11 16:20:34.404, 2, 0, 97871, 0, 74.58
2026/09/11 16:20:34.404, 3, 0, 97871, 0, 74.91
2026/09/11 16:20:34.604, 0, 0, 97871, 0, 74.04
2026/09/11 16:20:34.604, 1, 0, 97871, 0, 75.66
2026/09/11 16:20:34.604, 2, 0, 97871, 0, 74.57
2026/09/11 16:20:34.604, 3, 0, 97871, 0, 74.87
2026/09/11 16:20:34.804, 0, 0, 97871, 0, 74.03
2026/09/11 16:20:34.804, 1, 0, 97871, 0, 75.64
2026/09/11 16:20:34.804, 2, 0, 97871, 0, 74.57
2026/09/11 16:20:34.804, 3, 0, 97871, 0, 74.89
2026/09/11 16:20:35.004, 0, 0, 97871, 0, 74.01
2026/09/11 16:20:35.004, 1, 0, 97871, 0, 75.62
2026/09/11 16:20:35.004, 2, 0, 97871, 0, 74.56
2026/09/11 16:20:35.005, 3, 0, 97871, 0, 74.90
2026/09/11 16:20:35.205, 0, 0, 97871, 0, 74.00
2026/09/11 16:20:35.205, 1, 0, 97871, 0, 75.61
2026/09/11 16:20:35.205, 2, 0, 97871, 0, 74.59
2026/09/11 16:20:35.205, 3, 0, 97871, 0, 74.85
2026/09/11 16:20:35.405, 0, 0, 97871, 0, 74.04
2026/09/11 16:20:35.405, 1, 0, 97871, 0, 75.59
2026/09/11 16:20:35.405, 2, 0, 97871, 0, 74.60
2026/09/11 16:20:35.405, 3, 0, 97871, 0, 74.83
2026/09/11 16:20:35.605, 0, 0, 97871, 0, 74.01
2026/09/11 16:20:35.605, 1, 0, 97871, 0, 75.58
2026/09/11 16:20:35.605, 2, 0, 97871, 0, 74.61
2026/09/11 16:20:35.605, 3, 0, 97871, 0, 74.86
2026/09/11 16:20:35.805, 0, 0, 97871, 0, 74.03
2026/09/11 16:20:35.805, 1, 0, 97871, 0, 75.58
2026/09/11 16:20:35.805, 2, 0, 97871, 0, 74.63
2026/09/11 16:20:35.805, 3, 0, 97871, 0, 74.86
2026/09/11 16:20:36.005, 0, 0, 97871, 0, 74.03
2026/09/11 16:20:36.006, 1, 0, 97871, 0, 75.61
2026/09/11 16:20:36.006, 2, 0, 97871, 0, 74.64
2026/09/11 16:20:36.006, 3, 0, 97871, 0, 74.82
2026/09/11 16:20:36.206, 0, 0, 97871, 0, 74.01
2026/09/11 16:20:36.206, 1, 0, 97871, 0, 75.61
2026/09/11 16:20:36.206, 2, 0, 97871, 0, 74.62
2026/09/11 16:20:36.206, 3, 0, 97871, 0, 74.84
2026/09/11 16:20:36.406, 0, 0, 97871, 0, 73.98
2026/09/11 16:20:36.406, 1, 0, 97871, 0, 75.62
2026/09/11 16:20:36.406, 2, 0, 97871, 0, 74.57
2026/09/11 16:20:36.406, 3, 0, 97871, 0, 74.86
2026/09/11 16:20:36.606, 0, 0, 97871, 0, 74.01
2026/09/11 16:20:36.606, 1, 0, 97871, 0, 75.63
2026/09/11 16:20:36.606, 2, 0, 97871, 0, 74.54
2026/09/11 16:20:36.606, 3, 0, 97871, 0, 74.89
2026/09/11 16:20:36.806, 0, 0, 97871, 0, 73.98
2026/09/11 16:20:36.806, 1, 0, 97871, 0, 75.64
2026/09/11 16:20:36.806, 2, 0, 97871, 0, 74.52
2026/09/11 16:20:36.806, 3, 0, 97871, 0, 74.83
2026/09/11 16:20:37.007, 0, 0, 97871, 0, 73.95
2026/09/11 16:20:37.007, 1, 0, 97871, 0, 75.62
2026/09/11 16:20:37.007, 2, 0, 97871, 0, 74.48
2026/09/11 16:20:37.007, 3, 0, 97871, 0, 74.86
2026/09/11 16:20:37.208, 0, 0, 97871, 0, 73.97
2026/09/11 16:20:37.208, 1, 0, 97871, 0, 75.61
2026/09/11 16:20:37.208, 2, 0, 97871, 0, 74.50
2026/09/11 16:20:37.208, 3, 0, 97871, 0, 74.90
2026/09/11 16:20:37.408, 0, 0, 97871, 0, 73.95
2026/09/11 16:20:37.408, 1, 0, 97871, 0, 75.60
2026/09/11 16:20:37.408, 2, 0, 97871, 0, 74.53
2026/09/11 16:20:37.408, 3, 0, 97871, 0, 74.91
2026/09/11 16:20:37.608, 0, 0, 97871, 0, 73.90
2026/09/11 16:20:37.608, 1, 0, 97871, 0, 75.59
2026/09/11 16:20:37.608, 2, 0, 97871, 0, 74.56
2026/09/11 16:20:37.608, 3, 0, 97871, 0, 74.85
2026/09/11 16:20:37.808, 0, 0, 97871, 0, 73.93
2026/09/11 16:20:37.808, 1, 0, 97871, 0, 75.58
2026/09/11 16:20:37.808, 2, 0, 97871, 0, 74.56
2026/09/11 16:20:37.808, 3, 0, 97871, 0, 74.89
2026/09/11 16:20:38.008, 0, 0, 97871, 0, 73.92
2026/09/11 16:20:38.008, 1, 0, 97871, 0, 75.60
2026/09/11 16:20:38.008, 2, 0, 97871, 0, 74.59
2026/09/11 16:20:38.009, 3, 0, 97871, 0, 74.92
2026/09/11 16:20:38.209, 0, 0, 97871, 0, 73.88
2026/09/11 16:20:38.209, 1, 0, 97871, 0, 75.60
2026/09/11 16:20:38.209, 2, 0, 97871, 0, 74.57
2026/09/11 16:20:38.209, 3, 0, 97871, 0, 74.91
2026/09/11 16:20:38.409, 0, 0, 97871, 0, 73.89
2026/09/11 16:20:38.409, 1, 0, 97871, 0, 75.61
2026/09/11 16:20:38.409, 2, 0, 97871, 0, 74.55
2026/09/11 16:20:38.409, 3, 0, 97871, 0, 74.85
2026/09/11 16:20:38.609, 0, 0, 97871, 0, 73.94
2026/09/11 16:20:38.609, 1, 0, 97871, 0, 75.62
2026/09/11 16:20:38.609, 2, 0, 97871, 0, 74.52
2026/09/11 16:20:38.609, 3, 0, 97871, 0, 74.92
2026/09/11 16:20:38.809, 0, 0, 97871, 0, 73.87
2026/09/11 16:20:38.809, 1, 0, 97871, 0, 75.60
2026/09/11 16:20:38.809, 2, 0, 97871, 0, 74.50
2026/09/11 16:20:38.809, 3, 0, 97871, 0, 74.93
2026/09/11 16:20:39.009, 0, 0, 97871, 0, 73.89
2026/09/11 16:20:39.009, 1, 0, 97871, 0, 75.59
2026/09/11 16:20:39.009, 2, 0, 97871, 0, 74.49
2026/09/11 16:20:39.009, 3, 0, 97871, 0, 74.87
2026/09/11 16:20:39.210, 0, 0, 97871, 0, 73.93
2026/09/11 16:20:39.210, 1, 0, 97871, 0, 75.56
2026/09/11 16:20:39.210, 2, 0, 97871, 0, 74.48
2026/09/11 16:20:39.210, 3, 0, 97871, 0, 74.85
2026/09/11 16:20:39.410, 0, 0, 97871, 0, 73.93
2026/09/11 16:20:39.410, 1, 0, 97871, 0, 75.54
2026/09/11 16:20:39.410, 2, 0, 97871, 0, 74.49
2026/09/11 16:20:39.410, 3, 0, 97871, 0, 74.88
2026/09/11 16:20:39.610, 0, 0, 97871, 0, 73.91
2026/09/11 16:20:39.610, 1, 0, 97871, 0, 75.49
2026/09/11 16:20:39.610, 2, 0, 97871, 0, 74.52
2026/09/11 16:20:39.610, 3, 0, 97871, 0, 74.87
2026/09/11 16:20:39.810, 0, 0, 97871, 0, 73.96
2026/09/11 16:20:39.810, 1, 0, 97871, 0, 75.49
2026/09/11 16:20:39.810, 2, 0, 97871, 0, 74.52
2026/09/11 16:20:39.810, 3, 0, 97871, 0, 74.79
2026/09/11 16:20:40.010, 0, 0, 97871, 0, 73.93
2026/09/11 16:20:40.010, 1, 0, 97871, 0, 75.48
2026/09/11 16:20:40.010, 2, 0, 97871, 0, 74.52
2026/09/11 16:20:40.010, 3, 0, 97871, 0, 74.80
2026/09/11 16:20:40.211, 0, 0, 97871, 0, 73.91
2026/09/11 16:20:40.211, 1, 0, 97871, 0, 75.47
2026/09/11 16:20:40.211, 2, 0, 97871, 0, 74.52
2026/09/11 16:20:40.211, 3, 0, 97871, 0, 74.85
2026/09/11 16:20:40.411, 0, 0, 97871, 0, 73.92
2026/09/11 16:20:40.411, 1, 0, 97871, 0, 75.48
2026/09/11 16:20:40.411, 2, 0, 97871, 0, 74.50
2026/09/11 16:20:40.411, 3, 0, 97871, 0, 74.83
2026/09/11 16:20:40.611, 0, 0, 97871, 0, 73.92
2026/09/11 16:20:40.611, 1, 0, 97871, 0, 75.49
2026/09/11 16:20:40.611, 2, 0, 97871, 0, 74.50
2026/09/11 16:20:40.611, 3, 0, 97871, 0, 74.77
2026/09/11 16:20:40.811, 0, 0, 97871, 0, 73.90
2026/09/11 16:20:40.811, 1, 0, 97871, 0, 75.48
2026/09/11 16:20:40.811, 2, 0, 97871, 0, 74.50
2026/09/11 16:20:40.811, 3, 0, 97871, 0, 74.82
2026/09/11 16:20:41.011, 0, 0, 97871, 0, 73.94
2026/09/11 16:20:41.011, 1, 0, 97871, 0, 75.49
2026/09/11 16:20:41.011, 2, 0, 97871, 0, 74.50
2026/09/11 16:20:41.011, 3, 0, 97871, 0, 74.83
2026/09/11 16:20:41.211, 0, 0, 97871, 0, 73.96
2026/09/11 16:20:41.211, 1, 0, 97871, 0, 75.51
2026/09/11 16:20:41.211, 2, 0, 97871, 0, 74.52
2026/09/11 16:20:41.211, 3, 0, 97871, 0, 74.83
2026/09/11 16:20:41.412, 0, 0, 97871, 0, 73.92
2026/09/11 16:20:41.412, 1, 0, 97871, 0, 75.51
2026/09/11 16:20:41.412, 2, 0, 97871, 0, 74.52
2026/09/11 16:20:41.412, 3, 0, 97871, 0, 74.78
2026/09/11 16:20:41.612, 0, 0, 97871, 0, 73.91
2026/09/11 16:20:41.612, 1, 0, 97871, 0, 75.51
2026/09/11 16:20:41.612, 2, 0, 97871, 0, 74.53
2026/09/11 16:20:41.612, 3, 0, 97871, 0, 74.80
2026/09/11 16:20:41.812, 0, 0, 97871, 0, 73.93
2026/09/11 16:20:41.812, 1, 0, 97871, 0, 75.52
2026/09/11 16:20:41.812, 2, 0, 97871, 0, 74.51
2026/09/11 16:20:41.812, 3, 0, 97871, 0, 74.82
2026/09/11 16:20:42.012, 0, 0, 97871, 0, 73.91
2026/09/11 16:20:42.012, 1, 0, 97871, 0, 75.51
2026/09/11 16:20:42.012, 2, 0, 97871, 0, 74.50
2026/09/11 16:20:42.012, 3, 0, 97871, 0, 74.79
2026/09/11 16:20:42.212, 0, 0, 97871, 0, 73.91
2026/09/11 16:20:42.212, 1, 0, 97871, 0, 75.51
2026/09/11 16:20:42.212, 2, 0, 97871, 0, 74.46
2026/09/11 16:20:42.212, 3, 0, 97871, 0, 74.73
2026/09/11 16:20:42.413, 0, 0, 97871, 0, 73.93
2026/09/11 16:20:42.413, 1, 0, 97871, 0, 75.51
2026/09/11 16:20:42.413, 2, 0, 97871, 0, 74.46
2026/09/11 16:20:42.413, 3, 0, 97871, 0, 74.79
2026/09/11 16:20:42.613, 0, 0, 97871, 0, 73.92
2026/09/11 16:20:42.613, 1, 0, 97871, 0, 75.51
2026/09/11 16:20:42.613, 2, 0, 97871, 0, 74.45
2026/09/11 16:20:42.613, 3, 0, 97871, 0, 74.83
2026/09/11 16:20:42.813, 0, 0, 97871, 0, 73.89
2026/09/11 16:20:42.813, 1, 0, 97871, 0, 75.53
2026/09/11 16:20:42.813, 2, 0, 97871, 0, 74.44
2026/09/11 16:20:42.813, 3, 0, 97871, 0, 74.75
2026/09/11 16:20:43.013, 0, 0, 97871, 0, 73.89
2026/09/11 16:20:43.013, 1, 0, 97871, 0, 75.54
2026/09/11 16:20:43.013, 2, 0, 97871, 0, 74.45
2026/09/11 16:20:43.013, 3, 0, 97871, 0, 74.76
2026/09/11 16:20:43.213, 0, 0, 97871, 0, 73.84
2026/09/11 16:20:43.213, 1, 0, 97871, 0, 75.55
2026/09/11 16:20:43.213, 2, 0, 97871, 0, 74.45
2026/09/11 16:20:43.213, 3, 0, 97871, 0, 74.81
2026/09/11 16:20:43.413, 0, 0, 97871, 0, 73.82
2026/09/11 16:20:43.414, 1, 0, 97871, 0, 75.53
2026/09/11 16:20:43.414, 2, 0, 97871, 0, 74.45
2026/09/11 16:20:43.414, 3, 0, 97871, 0, 74.82
2026/09/11 16:20:43.614, 0, 0, 97871, 0, 73.82
2026/09/11 16:20:43.614, 1, 0, 97871, 0, 75.52
2026/09/11 16:20:43.614, 2, 0, 97871, 0, 74.46
2026/09/11 16:20:43.614, 3, 0, 97871, 0, 74.75
2026/09/11 16:20:43.814, 0, 0, 97871, 0, 73.83
2026/09/11 16:20:43.814, 1, 0, 97871, 0, 75.49
2026/09/11 16:20:43.814, 2, 0, 97871, 0, 74.46
2026/09/11 16:20:43.814, 3, 0, 97871, 0, 74.78
2026/09/11 16:20:44.014, 0, 0, 97871, 0, 73.79
2026/09/11 16:20:44.014, 1, 0, 97871, 0, 75.47
2026/09/11 16:20:44.014, 2, 0, 97871, 0, 74.45
2026/09/11 16:20:44.014, 3, 0, 97871, 0, 74.82
2026/09/11 16:20:44.214, 0, 0, 97871, 0, 73.82
2026/09/11 16:20:44.214, 1, 0, 97871, 0, 75.46
2026/09/11 16:20:44.214, 2, 0, 97871, 0, 74.44
2026/09/11 16:20:44.214, 3, 0, 97871, 0, 74.81
2026/09/11 16:20:44.414, 0, 0, 97871, 0, 73.84
2026/09/11 16:20:44.414, 1, 0, 97871, 0, 75.46
2026/09/11 16:20:44.414, 2, 0, 97871, 0, 74.43
2026/09/11 16:20:44.414, 3, 0, 97871, 0, 74.71
2026/09/11 16:20:44.615, 0, 0, 97871, 0, 73.82
2026/09/11 16:20:44.615, 1, 0, 97871, 0, 75.49
2026/09/11 16:20:44.615, 2, 0, 97871, 0, 74.43
2026/09/11 16:20:44.615, 3, 0, 97871, 0, 74.76
2026/09/11 16:20:44.815, 0, 0, 97871, 0, 73.81
2026/09/11 16:20:44.815, 1, 0, 97871, 0, 75.47
2026/09/11 16:20:44.815, 2, 0, 97871, 0, 74.42
2026/09/11 16:20:44.815, 3, 0, 97871, 0, 74.78
2026/09/11 16:20:45.015, 0, 0, 97871, 0, 73.82
2026/09/11 16:20:45.015, 1, 0, 97871, 0, 75.49
2026/09/11 16:20:45.015, 2, 0, 97871, 0, 74.43
2026/09/11 16:20:45.015, 3, 0, 97871, 0, 74.76
2026/09/11 16:20:45.215, 0, 0, 97871, 0, 73.79
2026/09/11 16:20:45.215, 1, 0, 97871, 0, 75.49
2026/09/11 16:20:45.215, 2, 0, 97871, 0, 74.43
2026/09/11 16:20:45.215, 3, 0, 97871, 0, 74.71
2026/09/11 16:20:45.415, 0, 0, 97871, 0, 73.79
2026/09/11 16:20:45.415, 1, 0, 97871, 0, 75.50
2026/09/11 16:20:45.415, 2, 0, 97871, 0, 74.42
2026/09/11 16:20:45.415, 3, 0, 97871, 0, 74.77
2026/09/11 16:20:45.615, 0, 0, 97871, 0, 73.83
2026/09/11 16:20:45.615, 1, 0, 97871, 0, 75.48
2026/09/11 16:20:45.616, 2, 0, 97871, 0, 74.40
2026/09/11 16:20:45.616, 3, 0, 97871, 0, 74.75
2026/09/11 16:20:45.816, 0, 0, 97871, 0, 73.81
2026/09/11 16:20:45.816, 1, 0, 97871, 0, 75.48
2026/09/11 16:20:45.816, 2, 0, 97871, 0, 74.39
2026/09/11 16:20:45.816, 3, 0, 97871, 0, 74.71
2026/09/11 16:20:46.016, 0, 0, 97871, 0, 73.79
2026/09/11 16:20:46.016, 1, 0, 97871, 0, 75.45
2026/09/11 16:20:46.016, 2, 0, 97871, 0, 74.39
2026/09/11 16:20:46.016, 3, 0, 97871, 0, 74.69
2026/09/11 16:20:46.216, 0, 0, 97871, 0, 73.84
2026/09/11 16:20:46.216, 1, 0, 97871, 0, 75.43
2026/09/11 16:20:46.216, 2, 0, 97871, 0, 74.38
2026/09/11 16:20:46.216, 3, 0, 97871, 0, 74.72
2026/09/11 16:20:46.416, 0, 0, 97871, 0, 73.84
2026/09/11 16:20:46.416, 1, 0, 97871, 0, 75.42
2026/09/11 16:20:46.416, 2, 0, 97871, 0, 74.39
2026/09/11 16:20:46.416, 3, 0, 97871, 0, 74.73
2026/09/11 16:20:46.616, 0, 0, 97871, 0, 73.82
2026/09/11 16:20:46.616, 1, 0, 97871, 0, 75.41
2026/09/11 16:20:46.616, 2, 0, 97871, 0, 74.42
2026/09/11 16:20:46.616, 3, 0, 97871, 0, 74.70
2026/09/11 16:20:46.817, 0, 0, 97871, 0, 73.85
2026/09/11 16:20:46.817, 1, 0, 97871, 0, 75.42
2026/09/11 16:20:46.817, 2, 0, 97871, 0, 74.40
2026/09/11 16:20:46.817, 3, 0, 97871, 0, 74.72
2026/09/11 16:20:47.017, 0, 0, 97871, 0, 73.86
2026/09/11 16:20:47.017, 1, 0, 97871, 0, 75.42
2026/09/11 16:20:47.017, 2, 0, 97871, 0, 74.41
2026/09/11 16:20:47.017, 3, 0, 97871, 0, 74.77
2026/09/11 16:20:47.217, 0, 0, 97871, 0, 73.82
2026/09/11 16:20:47.217, 1, 0, 97871, 0, 75.42
2026/09/11 16:20:47.217, 2, 0, 97871, 0, 74.40
2026/09/11 16:20:47.217, 3, 0, 97871, 0, 74.76
2026/09/11 16:20:47.417, 0, 0, 97871, 0, 73.81
2026/09/11 16:20:47.417, 1, 0, 97871, 0, 75.42
2026/09/11 16:20:47.417, 2, 0, 97871, 0, 74.38
2026/09/11 16:20:47.417, 3, 0, 97871, 0, 74.69
2026/09/11 16:20:47.617, 0, 1, 97871, 0, 73.84
2026/09/11 16:20:47.661, 1, 1, 97871, 0, 75.42
2026/09/11 16:20:47.661, 2, 1, 97871, 0, 74.38
2026/09/11 16:20:47.661, 3, 1, 97871, 0, 74.71
2026/09/11 16:20:47.861, 0, 4, 97871, 0, 73.84
2026/09/11 16:20:47.861, 1, 1, 97871, 0, 75.45
2026/09/11 16:20:47.861, 2, 1, 97871, 0, 74.39
2026/09/11 16:20:47.861, 3, 1, 97871, 0, 74.69
2026/09/11 16:20:48.061, 0, 4, 97871, 0, 73.89
2026/09/11 16:20:48.061, 1, 4, 97871, 0, 75.50
2026/09/11 16:20:48.061, 2, 1, 97871, 0, 74.39
2026/09/11 16:20:48.061, 3, 1, 97871, 0, 74.76
2026/09/11 16:20:48.261, 0, 4, 97871, 0, 73.87
2026/09/11 16:20:48.275, 1, 4, 97871, 0, 75.52
2026/09/11 16:20:48.275, 2, 4, 97871, 0, 74.42
2026/09/11 16:20:48.275, 3, 1, 97871, 0, 74.72
2026/09/11 16:20:48.475, 0, 4, 97871, 0, 73.87
2026/09/11 16:20:48.475, 1, 4, 97871, 0, 75.53
2026/09/11 16:20:48.475, 2, 4, 97871, 0, 74.44
2026/09/11 16:20:48.475, 3, 4, 97871, 0, 74.79
2026/09/11 16:20:48.675, 0, 4, 97871, 0, 73.85
2026/09/11 16:20:48.675, 1, 4, 97871, 0, 75.52
2026/09/11 16:20:48.675, 2, 4, 97871, 0, 74.43
2026/09/11 16:20:48.675, 3, 4, 97871, 0, 74.80
2026/09/11 16:20:48.875, 0, 4, 97871, 0, 73.86
2026/09/11 16:20:48.875, 1, 4, 97871, 0, 75.51
2026/09/11 16:20:48.875, 2, 4, 97871, 0, 74.43
2026/09/11 16:20:48.875, 3, 4, 97871, 0, 74.85
2026/09/11 16:20:49.075, 0, 4, 97871, 0, 73.80
2026/09/11 16:20:49.075, 1, 4, 97871, 0, 75.46
2026/09/11 16:20:49.075, 2, 4, 97871, 0, 74.43
2026/09/11 16:20:49.075, 3, 4, 97871, 0, 74.86
2026/09/11 16:20:49.276, 0, 4, 97871, 0, 73.80
2026/09/11 16:20:49.276, 1, 4, 97871, 0, 75.45
2026/09/11 16:20:49.276, 2, 4, 97871, 0, 74.43
2026/09/11 16:20:49.276, 3, 4, 97871, 0, 74.78
2026/09/11 16:20:49.476, 0, 4, 97871, 0, 73.81
2026/09/11 16:20:49.476, 1, 4, 97871, 0, 75.45
2026/09/11 16:20:49.476, 2, 4, 97871, 0, 74.44
2026/09/11 16:20:49.476, 3, 4, 97871, 0, 74.78
2026/09/11 16:20:49.676, 0, 4, 97871, 0, 73.78
2026/09/11 16:20:49.676, 1, 4, 97871, 0, 75.47
2026/09/11 16:20:49.676, 2, 4, 97871, 0, 74.43
2026/09/11 16:20:49.676, 3, 4, 97871, 0, 74.81
2026/09/11 16:20:49.876, 0, 4, 97871, 0, 73.75
2026/09/11 16:20:49.876, 1, 4, 97871, 0, 75.50
2026/09/11 16:20:49.876, 2, 4, 97871, 0, 74.43
2026/09/11 16:20:49.876, 3, 4, 97871, 0, 74.80
2026/09/11 16:20:50.076, 0, 4, 97871, 0, 73.79
2026/09/11 16:20:50.076, 1, 4, 97871, 0, 75.50
2026/09/11 16:20:50.076, 2, 4, 97871, 0, 74.43
2026/09/11 16:20:50.076, 3, 4, 97871, 0, 74.76
2026/09/11 16:20:50.276, 0, 4, 97871, 0, 73.81
2026/09/11 16:20:50.276, 1, 4, 97871, 0, 75.51
2026/09/11 16:20:50.276, 2, 4, 97871, 0, 74.41
2026/09/11 16:20:50.276, 3, 4, 97871, 0, 74.78
2026/09/11 16:20:50.476, 0, 4, 97871, 0, 73.77
2026/09/11 16:20:50.477, 1, 4, 97871, 0, 75.50
2026/09/11 16:20:50.477, 2, 4, 97871, 0, 74.40
2026/09/11 16:20:50.477, 3, 4, 97871, 0, 74.83
2026/09/11 16:20:50.677, 0, 4, 97871, 0, 73.80
2026/09/11 16:20:50.677, 1, 4, 97871, 0, 75.50
2026/09/11 16:20:50.677, 2, 4, 97871, 0, 74.40
2026/09/11 16:20:50.677, 3, 4, 97871, 0, 74.82
2026/09/11 16:20:50.877, 0, 4, 97871, 0, 73.82
2026/09/11 16:20:50.877, 1, 4, 97871, 0, 75.49
2026/09/11 16:20:50.877, 2, 4, 97871, 0, 74.42
2026/09/11 16:20:50.877, 3, 4, 97871, 0, 74.75
2026/09/11 16:20:51.077, 0, 4, 97871, 0, 73.79
2026/09/11 16:20:51.077, 1, 4, 97871, 0, 75.46
2026/09/11 16:20:51.077, 2, 4, 97871, 0, 74.39
2026/09/11 16:20:51.077, 3, 4, 97871, 0, 74.77
2026/09/11 16:20:51.277, 0, 4, 97871, 0, 73.80
2026/09/11 16:20:51.277, 1, 4, 97871, 0, 75.44
2026/09/11 16:20:51.277, 2, 4, 97871, 0, 74.38
2026/09/11 16:20:51.277, 3, 4, 97871, 0, 74.75
2026/09/11 16:20:51.477, 0, 4, 97871, 0, 73.83
2026/09/11 16:20:51.477, 1, 4, 97871, 0, 75.43
2026/09/11 16:20:51.477, 2, 4, 97871, 0, 74.37
2026/09/11 16:20:51.477, 3, 4, 97871, 0, 74.71
2026/09/11 16:20:51.677, 0, 4, 97871, 0, 73.82
2026/09/11 16:20:51.678, 1, 4, 97871, 0, 75.43
2026/09/11 16:20:51.678, 2, 4, 97871, 0, 74.34
2026/09/11 16:20:51.678, 3, 4, 97871, 0, 74.67
2026/09/11 16:20:51.878, 0, 4, 97871, 0, 73.80
2026/09/11 16:20:51.878, 1, 4, 97871, 0, 75.42
2026/09/11 16:20:51.878, 2, 4, 97871, 0, 74.33
2026/09/11 16:20:51.878, 3, 4, 97871, 0, 74.75
2026/09/11 16:20:52.078, 0, 4, 97871, 0, 73.81
2026/09/11 16:20:52.078, 1, 4, 97871, 0, 75.40
2026/09/11 16:20:52.078, 2, 4, 97871, 0, 74.34
2026/09/11 16:20:52.078, 3, 4, 97871, 0, 74.74
2026/09/11 16:20:52.278, 0, 4, 97871, 0, 73.79
2026/09/11 16:20:52.278, 1, 4, 97871, 0, 75.42
2026/09/11 16:20:52.278, 2, 4, 97871, 0, 74.32
2026/09/11 16:20:52.278, 3, 4, 97871, 0, 74.76
2026/09/11 16:20:52.478, 0, 4, 97871, 0, 73.77
2026/09/11 16:20:52.478, 1, 4, 97871, 0, 75.40
2026/09/11 16:20:52.478, 2, 4, 97871, 0, 74.33
2026/09/11 16:20:52.478, 3, 4, 97871, 0, 74.74
2026/09/11 16:20:52.678, 0, 4, 97871, 0, 73.79
2026/09/11 16:20:52.678, 1, 4, 97871, 0, 75.40
2026/09/11 16:20:52.678, 2, 4, 97871, 0, 74.32
2026/09/11 16:20:52.678, 3, 4, 97871, 0, 74.79
2026/09/11 16:20:52.879, 0, 4, 97871, 0, 73.81
2026/09/11 16:20:52.879, 1, 4, 97871, 0, 75.39
2026/09/11 16:20:52.879, 2, 4, 97871, 0, 74.33
2026/09/11 16:20:52.879, 3, 4, 97871, 0, 74.77
2026/09/11 16:20:53.079, 0, 4, 97871, 0, 73.78
2026/09/11 16:20:53.079, 1, 4, 97871, 0, 75.41
2026/09/11 16:20:53.079, 2, 4, 97871, 0, 74.31
2026/09/11 16:20:53.079, 3, 4, 97871, 0, 74.75
2026/09/11 16:20:53.279, 0, 4, 97871, 0, 73.80
2026/09/11 16:20:53.279, 1, 4, 97871, 0, 75.38
2026/09/11 16:20:53.279, 2, 4, 97871, 0, 74.33
2026/09/11 16:20:53.279, 3, 4, 97871, 0, 74.72
2026/09/11 16:20:53.479, 0, 4, 97871, 0, 73.80
2026/09/11 16:20:53.479, 1, 4, 97871, 0, 75.38
2026/09/11 16:20:53.479, 2, 4, 97871, 0, 74.34
2026/09/11 16:20:53.479, 3, 4, 97871, 0, 74.74
2026/09/11 16:20:53.679, 0, 4, 97871, 0, 73.80
2026/09/11 16:20:53.679, 1, 4, 97871, 0, 75.38
2026/09/11 16:20:53.679, 2, 4, 97871, 0, 74.33
2026/09/11 16:20:53.679, 3, 4, 97871, 0, 74.72
2026/09/11 16:20:53.880, 0, 4, 97871, 0, 73.80
2026/09/11 16:20:53.880, 1, 4, 97871, 0, 75.40
2026/09/11 16:20:53.880, 2, 4, 97871, 0, 74.31
2026/09/11 16:20:53.880, 3, 4, 97871, 0, 74.66
2026/09/11 16:20:54.080, 0, 4, 97871, 0, 73.81
2026/09/11 16:20:54.080, 1, 4, 97871, 0, 75.41
2026/09/11 16:20:54.080, 2, 4, 97871, 0, 74.32
2026/09/11 16:20:54.080, 3, 4, 97871, 0, 74.68
2026/09/11 16:20:54.280, 0, 4, 97871, 0, 73.77
2026/09/11 16:20:54.280, 1, 4, 97871, 0, 75.43
2026/09/11 16:20:54.280, 2, 4, 97871, 0, 74.34
2026/09/11 16:20:54.280, 3, 4, 97871, 0, 74.69
2026/09/11 16:20:54.480, 0, 4, 97871, 0, 73.75
2026/09/11 16:20:54.480, 1, 4, 97871, 0, 75.43
2026/09/11 16:20:54.480, 2, 4, 97871, 0, 74.34
2026/09/11 16:20:54.480, 3, 4, 97871, 0, 74.68
2026/09/11 16:20:54.680, 0, 4, 97871, 0, 73.78
2026/09/11 16:20:54.680, 1, 4, 97871, 0, 75.44
2026/09/11 16:20:54.680, 2, 4, 97871, 0, 74.34
2026/09/11 16:20:54.680, 3, 4, 97871, 0, 74.66
2026/09/11 16:20:54.880, 0, 4, 97871, 0, 73.75
2026/09/11 16:20:54.881, 1, 4, 97871, 0, 75.42
2026/09/11 16:20:54.881, 2, 4, 97871, 0, 74.37
2026/09/11 16:20:54.881, 3, 4, 97871, 0, 74.71
2026/09/11 16:20:55.081, 0, 4, 97871, 0, 73.73
2026/09/11 16:20:55.081, 1, 4, 97871, 0, 75.41
2026/09/11 16:20:55.081, 2, 4, 97871, 0, 74.36
2026/09/11 16:20:55.081, 3, 4, 97871, 0, 74.75
2026/09/11 16:20:55.281, 0, 4, 97871, 0, 73.74
2026/09/11 16:20:55.281, 1, 4, 97871, 0, 75.40
2026/09/11 16:20:55.281, 2, 4, 97871, 0, 74.37
2026/09/11 16:20:55.281, 3, 4, 97871, 0, 74.77
2026/09/11 16:20:55.481, 0, 4, 97871, 0, 73.74
2026/09/11 16:20:55.481, 1, 4, 97871, 0, 75.40
2026/09/11 16:20:55.481, 2, 4, 97871, 0, 74.36
2026/09/11 16:20:55.481, 3, 4, 97871, 0, 74.71
2026/09/11 16:20:55.681, 0, 4, 97871, 0, 73.70
2026/09/11 16:20:55.681, 1, 4, 97871, 0, 75.39
2026/09/11 16:20:55.681, 2, 4, 97871, 0, 74.35
2026/09/11 16:20:55.681, 3, 4, 97871, 0, 74.73
2026/09/11 16:20:55.881, 0, 4, 97871, 0, 73.71
2026/09/11 16:20:55.881, 1, 4, 97871, 0, 75.40
2026/09/11 16:20:55.881, 2, 4, 97871, 0, 74.32
2026/09/11 16:20:55.881, 3, 4, 97871, 0, 74.76
2026/09/11 16:20:56.081, 0, 4, 97871, 0, 73.74
2026/09/11 16:20:56.082, 1, 4, 97871, 0, 75.41
2026/09/11 16:20:56.082, 2, 4, 97871, 0, 74.30
2026/09/11 16:20:56.082, 3, 4, 97871, 0, 74.74
2026/09/11 16:20:56.282, 0, 4, 97871, 0, 73.73
2026/09/11 16:20:56.282, 1, 4, 97871, 0, 75.41
2026/09/11 16:20:56.282, 2, 4, 97871, 0, 74.27
2026/09/11 16:20:56.282, 3, 4, 97871, 0, 74.71
2026/09/11 16:20:56.482, 0, 4, 97871, 0, 73.72
2026/09/11 16:20:56.482, 1, 4, 97871, 0, 75.40
2026/09/11 16:20:56.482, 2, 4, 97871, 0, 74.28
2026/09/11 16:20:56.482, 3, 4, 97871, 0, 74.76
2026/09/11 16:20:56.682, 0, 4, 97871, 0, 73.76
2026/09/11 16:20:56.682, 1, 4, 97871, 0, 75.38
2026/09/11 16:20:56.682, 2, 4, 97871, 0, 74.28
2026/09/11 16:20:56.682, 3, 4, 97871, 0, 74.78
2026/09/11 16:20:56.882, 0, 4, 97871, 0, 73.74
2026/09/11 16:20:56.882, 1, 4, 97871, 0, 75.39
2026/09/11 16:20:56.882, 2, 4, 97871, 0, 74.26
2026/09/11 16:20:56.882, 3, 4, 97871, 0, 74.75
2026/09/11 16:20:57.082, 0, 4, 97871, 0, 73.73
2026/09/11 16:20:57.082, 1, 4, 97871, 0, 75.39
2026/09/11 16:20:57.082, 2, 4, 97871, 0, 74.28
2026/09/11 16:20:57.082, 3, 4, 97871, 0, 74.72
2026/09/11 16:20:57.282, 0, 4, 97871, 0, 73.78
2026/09/11 16:20:57.282, 1, 4, 97871, 0, 75.37
2026/09/11 16:20:57.283, 2, 4, 97871, 0, 74.27
2026/09/11 16:20:57.283, 3, 4, 97871, 0, 74.75
2026/09/11 16:20:57.483, 0, 4, 97871, 0, 73.77
2026/09/11 16:20:57.483, 1, 4, 97871, 0, 75.34
2026/09/11 16:20:57.483, 2, 4, 97871, 0, 74.25
2026/09/11 16:20:57.483, 3, 4, 97871, 0, 74.76
2026/09/11 16:20:57.683, 0, 4, 97871, 0, 73.76
2026/09/11 16:20:57.683, 1, 4, 97871, 0, 75.34
2026/09/11 16:20:57.683, 2, 4, 97871, 0, 74.24
2026/09/11 16:20:57.683, 3, 4, 97871, 0, 74.68
2026/09/11 16:20:57.883, 0, 4, 97871, 0, 73.80
2026/09/11 16:20:57.883, 1, 4, 97871, 0, 75.33
2026/09/11 16:20:57.883, 2, 4, 97871, 0, 74.26
2026/09/11 16:20:57.883, 3, 4, 97871, 0, 74.65
2026/09/11 16:20:58.083, 0, 4, 97871, 0, 73.78
2026/09/11 16:20:58.083, 1, 4, 97871, 0, 75.32
2026/09/11 16:20:58.083, 2, 4, 97871, 0, 74.24
2026/09/11 16:20:58.083, 3, 4, 97871, 0, 74.67
2026/09/11 16:20:58.283, 0, 4, 97871, 0, 73.75
2026/09/11 16:20:58.283, 1, 4, 97871, 0, 75.33
2026/09/11 16:20:58.284, 2, 4, 97871, 0, 74.23
2026/09/11 16:20:58.284, 3, 4, 97871, 0, 74.67
2026/09/11 16:20:58.484, 0, 4, 97871, 0, 73.77
2026/09/11 16:20:58.484, 1, 4, 97871, 0, 75.35
2026/09/11 16:20:58.484, 2, 4, 97871, 0, 74.26
2026/09/11 16:20:58.484, 3, 4, 97871, 0, 74.63
2026/09/11 16:20:58.684, 0, 4, 97871, 0, 73.78
2026/09/11 16:20:58.684, 1, 4, 97871, 0, 75.36
2026/09/11 16:20:58.684, 2, 4, 97871, 0, 74.26
2026/09/11 16:20:58.684, 3, 4, 97871, 0, 74.64
2026/09/11 16:20:58.884, 0, 4, 97871, 0, 73.75
2026/09/11 16:20:58.884, 1, 4, 97871, 0, 75.35
2026/09/11 16:20:58.884, 2, 4, 97871, 0, 74.28
2026/09/11 16:20:58.884, 3, 4, 97871, 0, 74.69
2026/09/11 16:20:59.084, 0, 4, 97871, 0, 73.78
2026/09/11 16:20:59.084, 1, 4, 97871, 0, 75.37
2026/09/11 16:20:59.084, 2, 4, 97871, 0, 74.27
2026/09/11 16:20:59.084, 3, 4, 97871, 0, 74.69
2026/09/11 16:20:59.284, 0, 4, 97871, 0, 73.79
2026/09/11 16:20:59.285, 1, 4, 97871, 0, 75.35
2026/09/11 16:20:59.285, 2, 4, 97871, 0, 74.28
2026/09/11 16:20:59.285, 3, 4, 97871, 0, 74.62
2026/09/11 16:20:59.485, 0, 4, 97871, 0, 73.78
2026/09/11 16:20:59.485, 1, 4, 97871, 0, 75.36
2026/09/11 16:20:59.485, 2, 4, 97871, 0, 74.26
2026/09/11 16:20:59.485, 3, 4, 97871, 0, 74.60
2026/09/11 16:20:59.685, 0, 4, 97871, 0, 73.78
2026/09/11 16:20:59.685, 1, 4, 97871, 0, 75.34
2026/09/11 16:20:59.685, 2, 4, 97871, 0, 74.26
2026/09/11 16:20:59.685, 3, 4, 97871, 0, 74.66
2026/09/11 16:20:59.885, 0, 4, 97871, 0, 73.80
2026/09/11 16:20:59.885, 1, 4, 97871, 0, 75.33
2026/09/11 16:20:59.885, 2, 4, 97871, 0, 74.28
2026/09/11 16:20:59.885, 3, 4, 97871, 0, 74.69
2026/09/11 16:21:00.085, 0, 4, 97871, 0, 73.77
2026/09/11 16:21:00.085, 1, 4, 97871, 0, 75.32
2026/09/11 16:21:00.085, 2, 4, 97871, 0, 74.27
2026/09/11 16:21:00.085, 3, 4, 97871, 0, 74.68
2026/09/11 16:21:00.285, 0, 4, 97871, 0, 73.74
2026/09/11 16:21:00.286, 1, 4, 97871, 0, 75.33
2026/09/11 16:21:00.286, 2, 4, 97871, 0, 74.31
2026/09/11 16:21:00.286, 3, 4, 97871, 0, 74.70
2026/09/11 16:21:00.486, 0, 4, 97871, 0, 73.72
2026/09/11 16:21:00.486, 1, 4, 97871, 0, 75.32
2026/09/11 16:21:00.486, 2, 4, 97871, 0, 74.31
2026/09/11 16:21:00.486, 3, 4, 97871, 0, 74.76
2026/09/11 16:21:00.686, 0, 4, 97871, 0, 73.71
2026/09/11 16:21:00.686, 1, 4, 97871, 0, 75.33
2026/09/11 16:21:00.686, 2, 4, 97871, 0, 74.33
2026/09/11 16:21:00.686, 3, 4, 97871, 0, 74.74
2026/09/11 16:21:00.886, 0, 4, 97871, 0, 73.68
2026/09/11 16:21:00.886, 1, 4, 97871, 0, 75.34
2026/09/11 16:21:00.886, 2, 4, 97871, 0, 74.30
2026/09/11 16:21:00.886, 3, 4, 97871, 0, 74.65
2026/09/11 16:21:01.086, 0, 4, 97871, 0, 73.68
2026/09/11 16:21:01.087, 1, 4, 97871, 0, 75.33
2026/09/11 16:21:01.087, 2, 4, 97871, 0, 74.30
2026/09/11 16:21:01.087, 3, 4, 97871, 0, 74.67
2026/09/11 16:21:01.287, 0, 4, 97871, 0, 73.68
2026/09/11 16:21:01.287, 1, 4, 97871, 0, 75.33
2026/09/11 16:21:01.287, 2, 4, 97871, 0, 74.28
2026/09/11 16:21:01.287, 3, 4, 97871, 0, 74.69
2026/09/11 16:21:01.487, 0, 4, 97871, 0, 73.65
2026/09/11 16:21:01.487, 1, 4, 97871, 0, 75.34
2026/09/11 16:21:01.487, 2, 4, 97871, 0, 74.23
2026/09/11 16:21:01.487, 3, 4, 97871, 0, 74.67
2026/09/11 16:21:01.687, 0, 4, 97871, 0, 73.64
2026/09/11 16:21:01.687, 1, 4, 97871, 0, 75.32
2026/09/11 16:21:01.687, 2, 4, 97871, 0, 74.20
2026/09/11 16:21:01.687, 3, 4, 97871, 0, 74.62
2026/09/11 16:21:01.887, 0, 4, 97871, 0, 73.66
2026/09/11 16:21:01.887, 1, 4, 97871, 0, 75.31
2026/09/11 16:21:01.887, 2, 4, 97871, 0, 74.17
2026/09/11 16:21:01.887, 3, 4, 97871, 0, 74.69
2026/09/11 16:21:02.088, 0, 4, 97871, 0, 73.65
2026/09/11 16:21:02.088, 1, 4, 97871, 0, 75.32
2026/09/11 16:21:02.088, 2, 4, 97871, 0, 74.15
2026/09/11 16:21:02.088, 3, 4, 97871, 0, 74.72
2026/09/11 16:21:02.288, 0, 4, 97871, 0, 73.64
2026/09/11 16:21:02.288, 1, 4, 97871, 0, 75.33
2026/09/11 16:21:02.288, 2, 4, 97871, 0, 74.18
2026/09/11 16:21:02.288, 3, 4, 97871, 0, 74.71
2026/09/11 16:21:02.488, 0, 4, 97871, 0, 73.67
2026/09/11 16:21:02.488, 1, 4, 97871, 0, 75.32
2026/09/11 16:21:02.488, 2, 4, 97871, 0, 74.19
2026/09/11 16:21:02.488, 3, 4, 97871, 0, 74.67
2026/09/11 16:21:02.688, 0, 4, 97871, 0, 73.66
2026/09/11 16:21:02.688, 1, 4, 97871, 0, 75.35
2026/09/11 16:21:02.688, 2, 4, 97871, 0, 74.20
2026/09/11 16:21:02.688, 3, 4, 97871, 0, 74.73
2026/09/11 16:21:02.888, 0, 4, 97871, 0, 73.64
2026/09/11 16:21:02.889, 1, 4, 97871, 0, 75.36
2026/09/11 16:21:02.893, 2, 4, 97871, 0, 74.19
2026/09/11 16:21:02.896, 3, 4, 97871, 0, 74.71
2026/09/11 16:21:03.098, 0, 4, 97871, 0, 73.68
2026/09/11 16:21:03.098, 1, 4, 97871, 0, 75.36
2026/09/11 16:21:03.099, 2, 4, 97871, 0, 74.20
2026/09/11 16:21:03.100, 3, 4, 97871, 0, 74.63
2026/09/11 16:21:03.300, 0, 4, 97871, 0, 73.71
2026/09/11 16:21:03.300, 1, 4, 97871, 0, 75.38
2026/09/11 16:21:03.300, 2, 4, 97871, 0, 74.18
2026/09/11 16:21:03.300, 3, 4, 97871, 0, 74.60
2026/09/11 16:21:03.500, 0, 4, 97871, 0, 73.69
2026/09/11 16:21:03.500, 1, 4, 97871, 0, 75.37
2026/09/11 16:21:03.500, 2, 4, 97871, 0, 74.16
2026/09/11 16:21:03.500, 3, 4, 97871, 0, 74.64
2026/09/11 16:21:03.700, 0, 4, 97871, 0, 73.69
2026/09/11 16:21:03.700, 1, 4, 97871, 0, 75.35
2026/09/11 16:21:03.700, 2, 4, 97871, 0, 74.15
2026/09/11 16:21:03.700, 3, 4, 97871, 0, 74.64
2026/09/11 16:21:03.900, 0, 4, 97871, 0, 73.73
2026/09/11 16:21:03.910, 1, 21, 97871, 0, 77.61
2026/09/11 16:21:03.911, 2, 20, 97871, 0, 74.15
2026/09/11 16:21:03.925, 3, 4, 97871, 0, 74.62
2026/09/11 16:21:04.126, 0, 21, 97871, 0, 80.66
2026/09/11 16:21:04.127, 1, 39, 97871, 0, 86.81
2026/09/11 16:21:04.130, 2, 21, 97871, 0, 82.50
2026/09/11 16:21:04.130, 3, 21, 97871, 0, 81.89
2026/09/11 16:21:04.333, 0, 385, 97871, 0, 90.10
2026/09/11 16:21:04.333, 1, 385, 97871, 1, 96.14
2026/09/11 16:21:04.333, 2, 385, 97871, 0, 91.63
2026/09/11 16:21:04.333, 3, 385, 97871, 0, 91.43
2026/09/11 16:21:04.533, 0, 385, 97871, 2, 99.09
2026/09/11 16:21:04.534, 1, 385, 97871, 0, 104.65
2026/09/11 16:21:04.534, 2, 385, 97871, 2, 100.41
2026/09/11 16:21:04.534, 3, 385, 97871, 0, 99.92
2026/09/11 16:21:04.734, 0, 385, 97871, 0, 107.36
2026/09/11 16:21:04.734, 1, 385, 97871, 0, 113.57
2026/09/11 16:21:04.734, 2, 385, 97871, 0, 109.87
2026/09/11 16:21:04.734, 3, 385, 97871, 0, 108.70
2026/09/11 16:21:04.934, 0, 385, 97871, 0, 116.09
2026/09/11 16:21:04.934, 1, 385, 97871, 0, 121.19
2026/09/11 16:21:04.934, 2, 385, 97871, 0, 117.93
2026/09/11 16:21:04.934, 3, 385, 97871, 0, 118.40
2026/09/11 16:21:05.134, 0, 397, 97871, 0, 118.79
2026/09/11 16:21:05.134, 1, 385, 97871, 0, 120.84
2026/09/11 16:21:05.134, 2, 385, 97871, 0, 119.24
2026/09/11 16:21:05.134, 3, 403, 97871, 0, 120.21
2026/09/11 16:21:05.334, 0, 485, 97871, 0, 118.43
2026/09/11 16:21:05.334, 1, 485, 97871, 2, 120.84
2026/09/11 16:21:05.334, 2, 485, 97871, 0, 118.91
2026/09/11 16:21:05.334, 3, 485, 97871, 8, 119.76
2026/09/11 16:21:05.534, 0, 1019, 97871, 0, 118.45
2026/09/11 16:21:05.535, 1, 1019, 97871, 1, 120.96
2026/09/11 16:21:05.536, 2, 1019, 97871, 4, 118.90
2026/09/11 16:21:05.536, 3, 1019, 97871, 1, 119.74
2026/09/11 16:21:05.736, 0, 1019, 97871, 1, 118.51
2026/09/11 16:21:05.737, 1, 1019, 97871, 0, 120.97
2026/09/11 16:21:05.737, 2, 1019, 97871, 1, 118.93
2026/09/11 16:21:05.737, 3, 1019, 97871, 0, 119.79
2026/09/11 16:21:05.937, 0, 1201, 97871, 0, 118.78
2026/09/11 16:21:05.937, 1, 1201, 97871, 1, 121.39
2026/09/11 16:21:05.937, 2, 1201, 97871, 1, 119.53
2026/09/11 16:21:05.937, 3, 1201, 97871, 1, 120.18
2026/09/11 16:21:06.137, 0, 1735, 97871, 0, 118.75
2026/09/11 16:21:06.138, 1, 1735, 97871, 0, 121.37
2026/09/11 16:21:06.139, 2, 1735, 97871, 0, 119.55
2026/09/11 16:21:06.140, 3, 1735, 97871, 0, 120.32
2026/09/11 16:21:06.343, 0, 1735, 97871, 1, 118.74
2026/09/11 16:21:06.343, 1, 1735, 97871, 1, 121.39
2026/09/11 16:21:06.344, 2, 1735, 97871, 0, 119.58
2026/09/11 16:21:06.344, 3, 1735, 97871, 0, 120.29
2026/09/11 16:21:06.545, 0, 1735, 97871, 0, 119.05
2026/09/11 16:21:06.545, 1, 1735, 97871, 1, 121.65
2026/09/11 16:21:06.545, 2, 1735, 97871, 1, 119.89
2026/09/11 16:21:06.545, 3, 1735, 97871, 1, 120.66
2026/09/11 16:21:06.745, 0, 1933, 97871, 0, 119.01
2026/09/11 16:21:06.745, 1, 1933, 97871, 0, 121.65
2026/09/11 16:21:06.745, 2, 1933, 97871, 0, 119.89
2026/09/11 16:21:06.745, 3, 1933, 97871, 0, 120.73
2026/09/11 16:21:06.945, 0, 1933, 97871, 0, 118.75
2026/09/11 16:21:06.945, 1, 1933, 97871, 0, 121.28
2026/09/11 16:21:06.945, 2, 1933, 97871, 0, 119.31
2026/09/11 16:21:06.945, 3, 1933, 97871, 0, 120.40
2026/09/11 16:21:07.145, 0, 1933, 97871, 0, 118.78
2026/09/11 16:21:07.145, 1, 1933, 97871, 0, 121.32
2026/09/11 16:21:07.145, 2, 1933, 97871, 0, 119.27
2026/09/11 16:21:07.145, 3, 1933, 97871, 0, 120.24
2026/09/11 16:21:07.346, 0, 1933, 97871, 0, 118.76
2026/09/11 16:21:07.346, 1, 1933, 97871, 0, 121.29
2026/09/11 16:21:07.346, 2, 1933, 97871, 0, 119.26
2026/09/11 16:21:07.346, 3, 1933, 97871, 0, 120.21
2026/09/11 16:21:07.546, 0, 1933, 97871, 0, 118.43
2026/09/11 16:21:07.546, 1, 1933, 97871, 0, 120.99
2026/09/11 16:21:07.546, 2, 1933, 97871, 0, 118.96
2026/09/11 16:21:07.546, 3, 1933, 97871, 0, 119.83
2026/09/11 16:21:07.746, 0, 1933, 97871, 0, 118.44
2026/09/11 16:21:07.746, 1, 1933, 97871, 0, 120.99
2026/09/11 16:21:07.746, 2, 1933, 97871, 0, 118.97
2026/09/11 16:21:07.746, 3, 1933, 97871, 0, 119.85
2026/09/11 16:21:07.946, 0, 1933, 97871, 0, 118.46
2026/09/11 16:21:07.946, 1, 1933, 97871, 0, 120.99
2026/09/11 16:21:07.946, 2, 1933, 97871, 0, 118.98
2026/09/11 16:21:07.946, 3, 1933, 97871, 0, 119.82
2026/09/11 16:21:08.146, 0, 1933, 97871, 0, 118.44
2026/09/11 16:21:08.146, 1, 1933, 97871, 0, 120.99
2026/09/11 16:21:08.147, 2, 1933, 97871, 0, 119.01
2026/09/11 16:21:08.147, 3, 1933, 97871, 0, 119.84
2026/09/11 16:21:08.347, 0, 1933, 97871, 0, 118.48
2026/09/11 16:21:08.347, 1, 1933, 97871, 0, 121.00
2026/09/11 16:21:08.347, 2, 1933, 97871, 0, 119.03
2026/09/11 16:21:08.347, 3, 1933, 97871, 0, 119.91
2026/09/11 16:21:08.547, 0, 1933, 97871, 0, 118.53
2026/09/11 16:21:08.547, 1, 1933, 97871, 0, 120.97
2026/09/11 16:21:08.547, 2, 1933, 97871, 0, 119.07
2026/09/11 16:21:08.547, 3, 1933, 97871, 0, 119.93
2026/09/11 16:21:08.747, 0, 1933, 97871, 0, 118.50
2026/09/11 16:21:08.747, 1, 1933, 97871, 0, 121.00
2026/09/11 16:21:08.747, 2, 1933, 97871, 0, 119.09
2026/09/11 16:21:08.747, 3, 1933, 97871, 0, 119.87
2026/09/11 16:21:08.947, 0, 1933, 97871, 0, 118.48
2026/09/11 16:21:08.947, 1, 1933, 97871, 0, 121.01
2026/09/11 16:21:08.947, 2, 1933, 97871, 0, 119.10
2026/09/11 16:21:08.948, 3, 1933, 97871, 0, 119.89
2026/09/11 16:21:09.148, 0, 1933, 97871, 0, 118.53
2026/09/11 16:21:09.148, 1, 1933, 97871, 0, 121.02
2026/09/11 16:21:09.148, 2, 1933, 97871, 0, 119.11
2026/09/11 16:21:09.148, 3, 1933, 97871, 0, 119.95
2026/09/11 16:21:09.348, 0, 3645, 97871, 0, 118.54
2026/09/11 16:21:09.348, 1, 3645, 97871, 0, 121.03
2026/09/11 16:21:09.348, 2, 3645, 97871, 0, 119.10
2026/09/11 16:21:09.348, 3, 3645, 97871, 0, 119.94
2026/09/11 16:21:09.548, 0, 10671, 97871, 3, 118.66
2026/09/11 16:21:09.548, 1, 10651, 97871, 3, 121.19
2026/09/11 16:21:09.548, 2, 10959, 97871, 1, 119.86
2026/09/11 16:21:09.548, 3, 9169, 97871, 3, 120.72
2026/09/11 16:21:09.748, 0, 17463, 97871, 9, 118.72
2026/09/11 16:21:09.748, 1, 17463, 97871, 12, 121.15
2026/09/11 16:21:09.748, 2, 17463, 97871, 12, 119.90
2026/09/11 16:21:09.748, 3, 17463, 97871, 12, 120.87
2026/09/11 16:21:09.948, 0, 17463, 97871, 6, 118.72
2026/09/11 16:21:09.949, 1, 17463, 97871, 2, 121.16
2026/09/11 16:21:09.949, 2, 17463, 97871, 2, 119.92
2026/09/11 16:21:09.949, 3, 17463, 97871, 2, 120.91
2026/09/11 16:21:10.149, 0, 17463, 97871, 2, 118.69
2026/09/11 16:21:10.149, 1, 17463, 97871, 1, 121.15
2026/09/11 16:21:10.149, 2, 17463, 97871, 1, 119.90
2026/09/11 16:21:10.149, 3, 17463, 97871, 2, 120.88
2026/09/11 16:21:10.349, 0, 17463, 97871, 1, 118.70
2026/09/11 16:21:10.349, 1, 17463, 97871, 1, 121.12
2026/09/11 16:21:10.349, 2, 17463, 97871, 1, 119.90
2026/09/11 16:21:10.349, 3, 17463, 97871, 2, 120.81
2026/09/11 16:21:10.549, 0, 17463, 97871, 1, 118.58
2026/09/11 16:21:10.549, 1, 17463, 97871, 2, 120.96
2026/09/11 16:21:10.549, 2, 17463, 97871, 1, 119.08
2026/09/11 16:21:10.549, 3, 17463, 97871, 0, 120.02
2026/09/11 16:21:10.749, 0, 17463, 97871, 1, 118.54
2026/09/11 16:21:10.749, 1, 17463, 97871, 2, 120.96
2026/09/11 16:21:10.749, 2, 17463, 97871, 2, 119.00
2026/09/11 16:21:10.749, 3, 17463, 97871, 1, 119.89
2026/09/11 16:21:10.950, 0, 17463, 97871, 2, 118.55
2026/09/11 16:21:10.950, 1, 17463, 97871, 2, 120.96
2026/09/11 16:21:10.950, 2, 17463, 97871, 2, 119.00
2026/09/11 16:21:10.950, 3, 17463, 97871, 2, 119.87
2026/09/11 16:21:11.150, 0, 17463, 97871, 2, 118.61
2026/09/11 16:21:11.150, 1, 17463, 97871, 1, 120.98
2026/09/11 16:21:11.150, 2, 17463, 97871, 1, 119.00
2026/09/11 16:21:11.150, 3, 17463, 97871, 2, 119.82
2026/09/11 16:21:11.350, 0, 17463, 97871, 1, 118.57
2026/09/11 16:21:11.350, 1, 17463, 97871, 1, 120.97
2026/09/11 16:21:11.350, 2, 17463, 97871, 1, 119.01
2026/09/11 16:21:11.350, 3, 17463, 97871, 2, 119.91
2026/09/11 16:21:11.550, 0, 17463, 97871, 2, 118.56
2026/09/11 16:21:11.550, 1, 17463, 97871, 2, 120.98
2026/09/11 16:21:11.550, 2, 17463, 97871, 2, 119.03
2026/09/11 16:21:11.550, 3, 17463, 97871, 1, 119.91
2026/09/11 16:21:11.750, 0, 17463, 97871, 2, 118.59
2026/09/11 16:21:11.751, 1, 17463, 97871, 2, 120.97
2026/09/11 16:21:11.751, 2, 17463, 97871, 2, 119.05
2026/09/11 16:21:11.751, 3, 17463, 97871, 2, 119.90
2026/09/11 16:21:11.951, 0, 17463, 97871, 0, 118.56
2026/09/11 16:21:11.951, 1, 17463, 97871, 1, 120.98
2026/09/11 16:21:11.951, 2, 17463, 97871, 1, 119.08
2026/09/11 16:21:11.951, 3, 17463, 97871, 1, 119.89
2026/09/11 16:21:12.151, 0, 17463, 97871, 2, 118.51
2026/09/11 16:21:12.151, 1, 17463, 97871, 2, 120.98
2026/09/11 16:21:12.151, 2, 17463, 97871, 2, 119.08
2026/09/11 16:21:12.151, 3, 17463, 97871, 1, 119.93
2026/09/11 16:21:12.351, 0, 17463, 97871, 2, 118.53
2026/09/11 16:21:12.351, 1, 17463, 97871, 2, 120.99
2026/09/11 16:21:12.351, 2, 17463, 97871, 2, 119.07
2026/09/11 16:21:12.351, 3, 17463, 97871, 2, 119.89
2026/09/11 16:21:12.551, 0, 17463, 97871, 2, 118.54
2026/09/11 16:21:12.551, 1, 17463, 97871, 1, 120.98
2026/09/11 16:21:12.551, 2, 17463, 97871, 0, 119.04
2026/09/11 16:21:12.551, 3, 17463, 97871, 1, 119.88
2026/09/11 16:21:12.751, 0, 17463, 97871, 1, 118.53
2026/09/11 16:21:12.752, 1, 17463, 97871, 1, 120.99
2026/09/11 16:21:12.752, 2, 17463, 97871, 1, 119.03
2026/09/11 16:21:12.752, 3, 17463, 97871, 1, 119.86
2026/09/11 16:21:12.952, 0, 17463, 97871, 2, 118.54
2026/09/11 16:21:12.952, 1, 17463, 97871, 2, 120.98
2026/09/11 16:21:12.952, 2, 17463, 97871, 2, 119.01
2026/09/11 16:21:12.952, 3, 17463, 97871, 2, 119.88
2026/09/11 16:21:13.152, 0, 17463, 97871, 1, 118.56
2026/09/11 16:21:13.152, 1, 17463, 97871, 1, 120.96
2026/09/11 16:21:13.152, 2, 17463, 97871, 2, 119.00
2026/09/11 16:21:13.152, 3, 17463, 97871, 2, 119.88
2026/09/11 16:21:13.352, 0, 17463, 97871, 1, 118.54
2026/09/11 16:21:13.352, 1, 17463, 97871, 1, 120.97
2026/09/11 16:21:13.352, 2, 17463, 97871, 1, 119.01
2026/09/11 16:21:13.352, 3, 17463, 97871, 2, 119.86
2026/09/11 16:21:13.552, 0, 17463, 97871, 2, 118.50
2026/09/11 16:21:13.553, 1, 17463, 97871, 2, 120.99
2026/09/11 16:21:13.553, 2, 17463, 97871, 2, 119.03
2026/09/11 16:21:13.553, 3, 17463, 97871, 0, 119.89
2026/09/11 16:21:13.753, 0, 17463, 97871, 2, 118.51
2026/09/11 16:21:13.753, 1, 17463, 97871, 2, 121.00
2026/09/11 16:21:13.753, 2, 17463, 97871, 2, 119.05
2026/09/11 16:21:13.753, 3, 17463, 97871, 1, 119.97
2026/09/11 16:21:13.953, 0, 17463, 97871, 1, 118.54
2026/09/11 16:21:13.953, 1, 17463, 97871, 0, 121.02
2026/09/11 16:21:13.953, 2, 17463, 97871, 0, 119.07
2026/09/11 16:21:13.953, 3, 17463, 97871, 0, 119.99
2026/09/11 16:21:14.153, 0, 17463, 97871, 2, 118.53
2026/09/11 16:21:14.153, 1, 17463, 97871, 1, 121.05
2026/09/11 16:21:14.153, 2, 17463, 97871, 1, 119.08
2026/09/11 16:21:14.153, 3, 17463, 97871, 0, 119.97
2026/09/11 16:21:14.353, 0, 17463, 97871, 2, 118.54
2026/09/11 16:21:14.354, 1, 17463, 97871, 2, 121.09
2026/09/11 16:21:14.354, 2, 17463, 97871, 2, 119.10
2026/09/11 16:21:14.354, 3, 17463, 97871, 1, 120.01
2026/09/11 16:21:14.554, 0, 17463, 97871, 1, 118.57
2026/09/11 16:21:14.554, 1, 17463, 97871, 2, 121.08
2026/09/11 16:21:14.554, 2, 17463, 97871, 2, 119.10
2026/09/11 16:21:14.554, 3, 17463, 97871, 2, 120.03
2026/09/11 16:21:14.754, 0, 17463, 97871, 0, 118.56
2026/09/11 16:21:14.754, 1, 17463, 97871, 1, 121.08
2026/09/11 16:21:14.754, 2, 17463, 97871, 2, 119.06
2026/09/11 16:21:14.754, 3, 17463, 97871, 2, 120.02
2026/09/11 16:21:14.954, 0, 17463, 97871, 1, 118.53
2026/09/11 16:21:14.954, 1, 17463, 97871, 1, 121.08
2026/09/11 16:21:14.954, 2, 17463, 97871, 1, 119.05
2026/09/11 16:21:14.954, 3, 17463, 97871, 2, 119.97
2026/09/11 16:21:15.154, 0, 17463, 97871, 2, 118.54
2026/09/11 16:21:15.155, 1, 17463, 97871, 2, 121.05
2026/09/11 16:21:15.155, 2, 17463, 97871, 1, 119.03
2026/09/11 16:21:15.155, 3, 17463, 97871, 0, 119.97
2026/09/11 16:21:15.355, 0, 17463, 97871, 2, 118.52
2026/09/11 16:21:15.355, 1, 17463, 97871, 2, 121.03
2026/09/11 16:21:15.355, 2, 17463, 97871, 1, 119.01
2026/09/11 16:21:15.355, 3, 17463, 97871, 1, 120.01
2026/09/11 16:21:15.555, 0, 17463, 97871, 1, 118.52
2026/09/11 16:21:15.555, 1, 17463, 97871, 1, 121.08
2026/09/11 16:21:15.555, 2, 17463, 97871, 2, 119.04
2026/09/11 16:21:15.555, 3, 17463, 97871, 2, 120.02
2026/09/11 16:21:15.755, 0, 17463, 97871, 0, 118.54
2026/09/11 16:21:15.755, 1, 17463, 97871, 1, 121.06
2026/09/11 16:21:15.755, 2, 17463, 97871, 2, 119.04
2026/09/11 16:21:15.755, 3, 17463, 97871, 2, 119.94
2026/09/11 16:21:15.955, 0, 17463, 97871, 1, 118.54
2026/09/11 16:21:15.956, 1, 17463, 97871, 0, 121.06
2026/09/11 16:21:15.956, 2, 17463, 97871, 1, 119.04
2026/09/11 16:21:15.956, 3, 17463, 97871, 2, 119.96
2026/09/11 16:21:16.156, 0, 17463, 97871, 1, 118.53
2026/09/11 16:21:16.156, 1, 17463, 97871, 1, 121.07
2026/09/11 16:21:16.156, 2, 17463, 97871, 2, 119.02
2026/09/11 16:21:16.156, 3, 17463, 97871, 2, 119.97
2026/09/11 16:21:16.356, 0, 17463, 97871, 0, 118.58
2026/09/11 16:21:16.356, 1, 17463, 97871, 2, 121.05
2026/09/11 16:21:16.356, 2, 17463, 97871, 2, 118.99
2026/09/11 16:21:16.356, 3, 17463, 97871, 1, 119.91
2026/09/11 16:21:16.556, 0, 17463, 97871, 2, 118.60
2026/09/11 16:21:16.556, 1, 17463, 97871, 2, 121.02
2026/09/11 16:21:16.556, 2, 17463, 97871, 2, 118.98
2026/09/11 16:21:16.556, 3, 17463, 97871, 2, 119.87
2026/09/11 16:21:16.756, 0, 17463, 97871, 2, 118.58
2026/09/11 16:21:16.756, 1, 17463, 97871, 1, 121.00
2026/09/11 16:21:16.756, 2, 17463, 97871, 1, 118.96
2026/09/11 16:21:16.757, 3, 17463, 97871, 2, 119.89
2026/09/11 16:21:16.957, 0, 17463, 97871, 2, 118.59
2026/09/11 16:21:16.957, 1, 17463, 97871, 1, 121.01
2026/09/11 16:21:16.957, 2, 17463, 97871, 1, 118.96
2026/09/11 16:21:16.957, 3, 17463, 97871, 2, 119.93
2026/09/11 16:21:17.157, 0, 17463, 97871, 1, 118.60
2026/09/11 16:21:17.157, 1, 17463, 97871, 2, 121.00
2026/09/11 16:21:17.157, 2, 17463, 97871, 2, 118.98
2026/09/11 16:21:17.157, 3, 17463, 97871, 0, 119.91
2026/09/11 16:21:17.357, 0, 17463, 97871, 2, 118.57
2026/09/11 16:21:17.357, 1, 17463, 97871, 2, 121.02
2026/09/11 16:21:17.357, 2, 17463, 97871, 2, 119.01
2026/09/11 16:21:17.357, 3, 17463, 97871, 1, 119.90
2026/09/11 16:21:17.557, 0, 17463, 97871, 2, 118.55
2026/09/11 16:21:17.557, 1, 17463, 97871, 1, 121.02
2026/09/11 16:21:17.557, 2, 17463, 97871, 1, 119.05
2026/09/11 16:21:17.557, 3, 17463, 97871, 2, 119.97
2026/09/11 16:21:17.758, 0, 17463, 97871, 1, 118.58
2026/09/11 16:21:17.758, 1, 17463, 97871, 1, 121.05
2026/09/11 16:21:17.758, 2, 17463, 97871, 1, 119.08
2026/09/11 16:21:17.758, 3, 17463, 97871, 1, 120.01
2026/09/11 16:21:17.958, 0, 17463, 97871, 1, 118.56
2026/09/11 16:21:17.958, 1, 17463, 97871, 0, 121.02
2026/09/11 16:21:17.958, 2, 17463, 97871, 2, 119.10
2026/09/11 16:21:17.958, 3, 17463, 97871, 0, 119.96
2026/09/11 16:21:18.158, 0, 17463, 97871, 1, 118.53
2026/09/11 16:21:18.158, 1, 17463, 97871, 2, 121.03
2026/09/11 16:21:18.158, 2, 17463, 97871, 1, 119.10
2026/09/11 16:21:18.158, 3, 17463, 97871, 0, 119.95
2026/09/11 16:21:18.358, 0, 17463, 97871, 1, 118.55
2026/09/11 16:21:18.358, 1, 17463, 97871, 2, 121.03
2026/09/11 16:21:18.358, 2, 17463, 97871, 2, 119.09
2026/09/11 16:21:18.358, 3, 17463, 97871, 1, 119.99
2026/09/11 16:21:18.558, 0, 17463, 97871, 3, 118.55
2026/09/11 16:21:18.559, 1, 17463, 97871, 1, 121.03
2026/09/11 16:21:18.559, 2, 17463, 97871, 2, 119.07
2026/09/11 16:21:18.559, 3, 17463, 97871, 2, 119.96
2026/09/11 16:21:18.759, 0, 17463, 97871, 1, 118.55
2026/09/11 16:21:18.759, 1, 17463, 97871, 1, 121.03
2026/09/11 16:21:18.759, 2, 17463, 97871, 2, 119.08
2026/09/11 16:21:18.759, 3, 17463, 97871, 1, 119.91
2026/09/11 16:21:18.959, 0, 17463, 97871, 1, 118.67
2026/09/11 16:21:18.959, 1, 17463, 97871, 2, 121.06
2026/09/11 16:21:18.959, 2, 17463, 97871, 1, 119.08
2026/09/11 16:21:18.959, 3, 17463, 97871, 2, 119.94
2026/09/11 16:21:19.159, 0, 17463, 97871, 2, 118.80
2026/09/11 16:21:19.159, 1, 17463, 97871, 1, 121.05
2026/09/11 16:21:19.159, 2, 17463, 97871, 1, 119.08
2026/09/11 16:21:19.159, 3, 17463, 97871, 2, 120.01
2026/09/11 16:21:19.359, 0, 17463, 97871, 2, 118.87
2026/09/11 16:21:19.359, 1, 17463, 97871, 1, 121.08
2026/09/11 16:21:19.360, 2, 17463, 97871, 2, 119.09
2026/09/11 16:21:19.360, 3, 17463, 97871, 2, 120.04
2026/09/11 16:21:19.560, 0, 17463, 97871, 2, 118.97
2026/09/11 16:21:19.560, 1, 17463, 97871, 2, 121.08
2026/09/11 16:21:19.560, 2, 17463, 97871, 2, 119.14
2026/09/11 16:21:19.560, 3, 17463, 97871, 0, 119.97
2026/09/11 16:21:19.760, 0, 17463, 97871, 0, 119.05
2026/09/11 16:21:19.760, 1, 17463, 97871, 2, 121.10
2026/09/11 16:21:19.760, 2, 17463, 97871, 1, 119.16
2026/09/11 16:21:19.760, 3, 17463, 97871, 1, 120.02
2026/09/11 16:21:19.960, 0, 17463, 97871, 0, 119.03
2026/09/11 16:21:19.960, 1, 17463, 97871, 2, 121.10
2026/09/11 16:21:19.960, 2, 17463, 97871, 1, 119.18
2026/09/11 16:21:19.960, 3, 17463, 97871, 1, 120.00
2026/09/11 16:21:20.160, 0, 17463, 97871, 1, 119.02
2026/09/11 16:21:20.161, 1, 17463, 97871, 2, 121.11
2026/09/11 16:21:20.161, 2, 17463, 97871, 0, 119.20
2026/09/11 16:21:20.161, 3, 17463, 97871, 1, 120.00
2026/09/11 16:21:20.361, 0, 17463, 97871, 1, 119.06
2026/09/11 16:21:20.361, 1, 17463, 97871, 1, 121.11
2026/09/11 16:21:20.361, 2, 17463, 97871, 1, 119.20
2026/09/11 16:21:20.361, 3, 17463, 97871, 2, 119.94
2026/09/11 16:21:20.561, 0, 17463, 97871, 2, 119.04
2026/09/11 16:21:20.561, 1, 17463, 97871, 2, 121.09
2026/09/11 16:21:20.561, 2, 17463, 97871, 1, 119.17
2026/09/11 16:21:20.561, 3, 17463, 97871, 1, 120.00
2026/09/11 16:21:20.761, 0, 17463, 97871, 1, 119.02
2026/09/11 16:21:20.761, 1, 17463, 97871, 2, 121.08
2026/09/11 16:21:20.761, 2, 17463, 97871, 2, 119.15
2026/09/11 16:21:20.761, 3, 17463, 97871, 1, 120.01
2026/09/11 16:21:20.962, 0, 17463, 97871, 1, 119.06
2026/09/11 16:21:20.962, 1, 17463, 97871, 1, 121.07
2026/09/11 16:21:20.962, 2, 17463, 97871, 2, 119.14
2026/09/11 16:21:20.962, 3, 17463, 97871, 2, 119.99
2026/09/11 16:21:21.162, 0, 17463, 97871, 2, 119.07
2026/09/11 16:21:21.162, 1, 17463, 97871, 1, 121.06
2026/09/11 16:21:21.162, 2, 17463, 97871, 1, 119.11
2026/09/11 16:21:21.162, 3, 17463, 97871, 2, 119.93
2026/09/11 16:21:21.362, 0, 17463, 97871, 2, 119.05
2026/09/11 16:21:21.362, 1, 17463, 97871, 2, 121.04
2026/09/11 16:21:21.362, 2, 17463, 97871, 1, 119.11
2026/09/11 16:21:21.362, 3, 17463, 97871, 2, 119.99
2026/09/11 16:21:21.562, 0, 17463, 97871, 2, 119.06
2026/09/11 16:21:21.562, 1, 17463, 97871, 2, 121.05
2026/09/11 16:21:21.562, 2, 17463, 97871, 2, 119.11
2026/09/11 16:21:21.562, 3, 17463, 97871, 2, 120.03
2026/09/11 16:21:21.763, 0, 17463, 97871, 1, 119.09
2026/09/11 16:21:21.763, 1, 17463, 97871, 1, 121.07
2026/09/11 16:21:21.763, 2, 17463, 97871, 2, 119.11
2026/09/11 16:21:21.763, 3, 17463, 97871, 3, 120.01
2026/09/11 16:21:21.963, 0, 17463, 97871, 1, 119.11
2026/09/11 16:21:21.963, 1, 17463, 97871, 2, 121.09
2026/09/11 16:21:21.963, 2, 17463, 97871, 1, 119.09
2026/09/11 16:21:21.963, 3, 17463, 97871, 2, 120.00
2026/09/11 16:21:22.163, 0, 17463, 97871, 1, 119.14
2026/09/11 16:21:22.163, 1, 17463, 97871, 1, 121.11
2026/09/11 16:21:22.163, 2, 17463, 97871, 0, 119.11
2026/09/11 16:21:22.163, 3, 17463, 97871, 2, 120.07
2026/09/11 16:21:22.363, 0, 17463, 97871, 1, 119.20
2026/09/11 16:21:22.363, 1, 17463, 97871, 1, 121.11
2026/09/11 16:21:22.363, 2, 17463, 97871, 2, 119.14
2026/09/11 16:21:22.363, 3, 17463, 97871, 2, 120.06
2026/09/11 16:21:22.564, 0, 17463, 97871, 2, 119.19
2026/09/11 16:21:22.564, 1, 17463, 97871, 2, 121.12
2026/09/11 16:21:22.564, 2, 17463, 97871, 1, 119.16
2026/09/11 16:21:22.564, 3, 17463, 97871, 1, 119.96
2026/09/11 16:21:22.764, 0, 17463, 97871, 1, 119.18
2026/09/11 16:21:22.764, 1, 17463, 97871, 2, 121.11
2026/09/11 16:21:22.764, 2, 17463, 97871, 2, 119.15
2026/09/11 16:21:22.764, 3, 17463, 97871, 1, 119.92
2026/09/11 16:21:22.964, 0, 17463, 97871, 1, 119.19
2026/09/11 16:21:22.964, 1, 17463, 97871, 1, 121.09
2026/09/11 16:21:22.964, 2, 17463, 97871, 2, 119.19
2026/09/11 16:21:22.964, 3, 17463, 97871, 2, 119.93
2026/09/11 16:21:23.164, 0, 17463, 97871, 2, 119.14
2026/09/11 16:21:23.164, 1, 17463, 97871, 1, 121.07
2026/09/11 16:21:23.164, 2, 17463, 97871, 2, 119.17
2026/09/11 16:21:23.164, 3, 17463, 97871, 2, 119.94
2026/09/11 16:21:23.365, 0, 17463, 97871, 2, 119.11
2026/09/11 16:21:23.365, 1, 17463, 97871, 3, 121.09
2026/09/11 16:21:23.365, 2, 17463, 97871, 1, 119.16
2026/09/11 16:21:23.365, 3, 17463, 97871, 2, 119.89
2026/09/11 16:21:23.565, 0, 17463, 97871, 4, 119.20
2026/09/11 16:21:23.565, 1, 17463, 97871, 2, 121.07
2026/09/11 16:21:23.565, 2, 17463, 97871, 1, 119.16
2026/09/11 16:21:23.565, 3, 17463, 97871, 1, 119.94
2026/09/11 16:21:23.765, 0, 17463, 97871, 2, 119.23
2026/09/11 16:21:23.765, 1, 17463, 97871, 2, 121.11
2026/09/11 16:21:23.765, 2, 17463, 97871, 3, 119.19
2026/09/11 16:21:23.765, 3, 17463, 97871, 1, 120.01
2026/09/11 16:21:23.965, 0, 17463, 97871, 2, 119.21
2026/09/11 16:21:23.965, 1, 17463, 97871, 3, 121.12
2026/09/11 16:21:23.965, 2, 17463, 97871, 1, 119.18
2026/09/11 16:21:23.965, 3, 17463, 97871, 5, 120.05
2026/09/11 16:21:24.165, 0, 17463, 97871, 3, 119.21
2026/09/11 16:21:24.166, 1, 17463, 97871, 2, 121.11
2026/09/11 16:21:24.166, 2, 17463, 97871, 2, 119.18
2026/09/11 16:21:24.166, 3, 17463, 97871, 1, 119.98
2026/09/11 16:21:24.366, 0, 17463, 97871, 2, 119.20
2026/09/11 16:21:24.366, 1, 17463, 97871, 2, 121.11
2026/09/11 16:21:24.366, 2, 17463, 97871, 3, 119.20
2026/09/11 16:21:24.366, 3, 17463, 97871, 1, 119.95
2026/09/11 16:21:24.566, 0, 17463, 97871, 2, 119.13
2026/09/11 16:21:24.566, 1, 17463, 97871, 2, 121.11
2026/09/11 16:21:24.566, 2, 17463, 97871, 1, 119.19
2026/09/11 16:21:24.566, 3, 17463, 97871, 2, 119.99
2026/09/11 16:21:24.766, 0, 17463, 97871, 1, 119.08
2026/09/11 16:21:24.766, 1, 17463, 97871, 0, 121.09
2026/09/11 16:21:24.766, 2, 17463, 97871, 2, 119.17
2026/09/11 16:21:24.766, 3, 17463, 97871, 2, 119.97
2026/09/11 16:21:24.966, 0, 17463, 97871, 2, 119.08
2026/09/11 16:21:24.967, 1, 17463, 97871, 2, 121.06
2026/09/11 16:21:24.967, 2, 17463, 97871, 2, 119.18
2026/09/11 16:21:24.967, 3, 17463, 97871, 2, 119.90
2026/09/11 16:21:25.167, 0, 17463, 97871, 3, 119.06
2026/09/11 16:21:25.167, 1, 17463, 97871, 2, 121.05
2026/09/11 16:21:25.167, 2, 17463, 97871, 1, 119.15
2026/09/11 16:21:25.167, 3, 17463, 97871, 2, 119.95
2026/09/11 16:21:25.367, 0, 17463, 97871, 1, 119.02
2026/09/11 16:21:25.367, 1, 17463, 97871, 2, 121.04
2026/09/11 16:21:25.367, 2, 17463, 97871, 2, 119.17
2026/09/11 16:21:25.367, 3, 17463, 97871, 2, 120.00
2026/09/11 16:21:25.567, 0, 17463, 97871, 1, 119.01
2026/09/11 16:21:25.567, 1, 17463, 97871, 1, 121.04
2026/09/11 16:21:25.567, 2, 17463, 97871, 2, 119.18
2026/09/11 16:21:25.567, 3, 17463, 97871, 1, 120.00
2026/09/11 16:21:25.767, 0, 17463, 97871, 2, 119.01
2026/09/11 16:21:25.768, 1, 17463, 97871, 1, 121.05
2026/09/11 16:21:25.768, 2, 17463, 97871, 1, 119.19
2026/09/11 16:21:25.768, 3, 17463, 97871, 1, 119.92
2026/09/11 16:21:25.968, 0, 17463, 97871, 2, 118.99
2026/09/11 16:21:25.968, 1, 17463, 97871, 0, 121.07
2026/09/11 16:21:25.968, 2, 17463, 97871, 1, 119.20
2026/09/11 16:21:25.968, 3, 17463, 97871, 0, 119.94
2026/09/11 16:21:26.168, 0, 17463, 97871, 2, 119.01
2026/09/11 16:21:26.168, 1, 17463, 97871, 2, 121.09
2026/09/11 16:21:26.168, 2, 17463, 97871, 2, 119.15
2026/09/11 16:21:26.168, 3, 17463, 97871, 1, 119.96
2026/09/11 16:21:26.368, 0, 17463, 97871, 1, 119.04
2026/09/11 16:21:26.368, 1, 17463, 97871, 2, 121.10
2026/09/11 16:21:26.368, 2, 17463, 97871, 1, 119.13
2026/09/11 16:21:26.368, 3, 17463, 97871, 2, 119.97
2026/09/11 16:21:26.568, 0, 17463, 97871, 1, 119.06
2026/09/11 16:21:26.569, 1, 17463, 97871, 1, 121.10
2026/09/11 16:21:26.569, 2, 17463, 97871, 2, 119.13
2026/09/11 16:21:26.569, 3, 17463, 97871, 1, 119.91
2026/09/11 16:21:26.769, 0, 17463, 97871, 2, 119.06
2026/09/11 16:21:26.769, 1, 17463, 97871, 0, 121.11
2026/09/11 16:21:26.769, 2, 17463, 97871, 2, 119.14
2026/09/11 16:21:26.769, 3, 17463, 97871, 1, 119.99
2026/09/11 16:21:26.969, 0, 17463, 97871, 2, 119.11
2026/09/11 16:21:26.969, 1, 17463, 97871, 2, 121.11
2026/09/11 16:21:26.969, 2, 17463, 97871, 1, 119.16
2026/09/11 16:21:26.969, 3, 17463, 97871, 2, 120.00
2026/09/11 16:21:27.169, 0, 17463, 97871, 1, 119.12
2026/09/11 16:21:27.169, 1, 17463, 97871, 2, 121.11
2026/09/11 16:21:27.169, 2, 17463, 97871, 2, 119.18
2026/09/11 16:21:27.169, 3, 17463, 97871, 2, 119.97
2026/09/11 16:21:27.370, 0, 17463, 97871, 2, 119.12
2026/09/11 16:21:27.370, 1, 17463, 97871, 2, 121.11
2026/09/11 16:21:27.370, 2, 17463, 97871, 2, 119.17
2026/09/11 16:21:27.370, 3, 17463, 97871, 2, 119.92
2026/09/11 16:21:27.570, 0, 17463, 97871, 3, 119.12
2026/09/11 16:21:27.570, 1, 17463, 97871, 1, 121.10
2026/09/11 16:21:27.570, 2, 17463, 97871, 1, 119.14
2026/09/11 16:21:27.570, 3, 17463, 97871, 1, 119.93
2026/09/11 16:21:27.770, 0, 17463, 97871, 1, 119.12
2026/09/11 16:21:27.770, 1, 17463, 97871, 2, 121.12
2026/09/11 16:21:27.770, 2, 17463, 97871, 2, 119.13
2026/09/11 16:21:27.770, 3, 17463, 97871, 2, 119.95
2026/09/11 16:21:27.970, 0, 17463, 97871, 1, 119.10
2026/09/11 16:21:27.970, 1, 17463, 97871, 1, 121.11
2026/09/11 16:21:27.970, 2, 17463, 97871, 2, 119.12
2026/09/11 16:21:27.971, 3, 17463, 97871, 2, 119.92
2026/09/11 16:21:28.171, 0, 17463, 97871, 1, 119.14
2026/09/11 16:21:28.171, 1, 17463, 97871, 2, 121.13
2026/09/11 16:21:28.171, 2, 17463, 97871, 2, 119.10
2026/09/11 16:21:28.171, 3, 17463, 97871, 2, 119.93
2026/09/11 16:21:28.371, 0, 17463, 97871, 2, 119.17
2026/09/11 16:21:28.371, 1, 17463, 97871, 2, 121.13
2026/09/11 16:21:28.371, 2, 17463, 97871, 2, 119.10
2026/09/11 16:21:28.371, 3, 17463, 97871, 1, 119.96
2026/09/11 16:21:28.571, 0, 17463, 97871, 2, 119.17
2026/09/11 16:21:28.571, 1, 17463, 97871, 1, 121.14
2026/09/11 16:21:28.571, 2, 17463, 97871, 1, 119.13
2026/09/11 16:21:28.571, 3, 17463, 97871, 1, 120.00
2026/09/11 16:21:28.771, 0, 17463, 97871, 0, 119.19
2026/09/11 16:21:28.772, 1, 17463, 97871, 2, 121.13
2026/09/11 16:21:28.772, 2, 17463, 97871, 1, 119.13
2026/09/11 16:21:28.772, 3, 17463, 97871, 2, 119.96
2026/09/11 16:21:28.972, 0, 17463, 97871, 2, 119.19
2026/09/11 16:21:28.972, 1, 17463, 97871, 2, 121.12
2026/09/11 16:21:28.972, 2, 17463, 97871, 2, 119.16
2026/09/11 16:21:28.972, 3, 17463, 97871, 1, 119.95
2026/09/11 16:21:29.172, 0, 17463, 97871, 2, 119.16
2026/09/11 16:21:29.172, 1, 17463, 97871, 1, 121.11
2026/09/11 16:21:29.172, 2, 17463, 97871, 2, 119.18
2026/09/11 16:21:29.172, 3, 17463, 97871, 1, 119.99
2026/09/11 16:21:29.372, 0, 17463, 97871, 2, 119.13
2026/09/11 16:21:29.372, 1, 17463, 97871, 1, 121.10
2026/09/11 16:21:29.372, 2, 17463, 97871, 1, 119.22
2026/09/11 16:21:29.372, 3, 17463, 97871, 2, 120.00
2026/09/11 16:21:29.572, 0, 17463, 97871, 1, 119.18
2026/09/11 16:21:29.573, 1, 17463, 97871, 2, 121.10
2026/09/11 16:21:29.573, 2, 17463, 97871, 2, 119.20
2026/09/11 16:21:29.573, 3, 17463, 97871, 2, 119.93
2026/09/11 16:21:29.773, 0, 17463, 97871, 1, 119.19
2026/09/11 16:21:29.773, 1, 17463, 97871, 2, 121.11
2026/09/11 16:21:29.773, 2, 17463, 97871, 2, 119.20
2026/09/11 16:21:29.773, 3, 17463, 97871, 1, 119.93
2026/09/11 16:21:29.973, 0, 17463, 97871, 0, 119.17
2026/09/11 16:21:29.973, 1, 17463, 97871, 0, 121.11
2026/09/11 16:21:29.973, 2, 17463, 97871, 1, 119.21
2026/09/11 16:21:29.973, 3, 17463, 97871, 1, 119.96
2026/09/11 16:21:30.173, 0, 17463, 97871, 1, 119.18
2026/09/11 16:21:30.173, 1, 17463, 97871, 1, 121.12
2026/09/11 16:21:30.173, 2, 17463, 97871, 1, 119.19
2026/09/11 16:21:30.173, 3, 17463, 97871, 1, 119.97
2026/09/11 16:21:30.373, 0, 17463, 97871, 1, 119.19
2026/09/11 16:21:30.374, 1, 17463, 97871, 2, 121.12
2026/09/11 16:21:30.374, 2, 17463, 97871, 1, 119.20
2026/09/11 16:21:30.374, 3, 17463, 97871, 2, 119.94
2026/09/11 16:21:30.574, 0, 17463, 97871, 2, 119.16
2026/09/11 16:21:30.574, 1, 17463, 97871, 2, 121.12
2026/09/11 16:21:30.574, 2, 17463, 97871, 2, 119.20
2026/09/11 16:21:30.574, 3, 17463, 97871, 2, 119.98
2026/09/11 16:21:30.774, 0, 17463, 97871, 1, 119.14
2026/09/11 16:21:30.774, 1, 17463, 97871, 0, 121.11
2026/09/11 16:21:30.774, 2, 17463, 97871, 2, 119.21
2026/09/11 16:21:30.774, 3, 17463, 97871, 2, 120.05
2026/09/11 16:21:30.974, 0, 17463, 97871, 1, 119.16
2026/09/11 16:21:30.974, 1, 17463, 97871, 2, 121.14
2026/09/11 16:21:30.974, 2, 17463, 97871, 1, 119.23
2026/09/11 16:21:30.974, 3, 17463, 97871, 1, 120.04
2026/09/11 16:21:31.174, 0, 17463, 97871, 2, 119.12
2026/09/11 16:21:31.175, 1, 17463, 97871, 2, 121.15
2026/09/11 16:21:31.175, 2, 17463, 97871, 2, 119.24
2026/09/11 16:21:31.175, 3, 17463, 97871, 2, 119.98
2026/09/11 16:21:31.375, 0, 17463, 97871, 1, 119.13
2026/09/11 16:21:31.375, 1, 17463, 97871, 2, 121.13
2026/09/11 16:21:31.375, 2, 17463, 97871, 2, 119.24
2026/09/11 16:21:31.375, 3, 17463, 97871, 1, 120.00
2026/09/11 16:21:31.575, 0, 17463, 97871, 1, 119.14
2026/09/11 16:21:31.575, 1, 17463, 97871, 1, 121.14
2026/09/11 16:21:31.575, 2, 17463, 97871, 1, 119.24
2026/09/11 16:21:31.575, 3, 17463, 97871, 1, 120.05
2026/09/11 16:21:31.775, 0, 17463, 97871, 1, 119.13
2026/09/11 16:21:31.775, 1, 17463, 97871, 2, 121.13
2026/09/11 16:21:31.775, 2, 17463, 97871, 2, 119.23
2026/09/11 16:21:31.775, 3, 17463, 97871, 1, 120.00
2026/09/11 16:21:31.975, 0, 17463, 97871, 2, 119.16
2026/09/11 16:21:31.975, 1, 17463, 97871, 2, 121.14
2026/09/11 16:21:31.976, 2, 17463, 97871, 2, 119.22
2026/09/11 16:21:31.976, 3, 17463, 97871, 1, 119.98
2026/09/11 16:21:32.176, 0, 17463, 97871, 2, 119.21
2026/09/11 16:21:32.176, 1, 17463, 97871, 2, 121.15
2026/09/11 16:21:32.176, 2, 17463, 97871, 2, 119.21
2026/09/11 16:21:32.176, 3, 17463, 97871, 2, 120.08
2026/09/11 16:21:32.376, 0, 17463, 97871, 2, 119.20
2026/09/11 16:21:32.376, 1, 17463, 97871, 1, 121.21
2026/09/11 16:21:32.376, 2, 17463, 97871, 2, 119.23
2026/09/11 16:21:32.376, 3, 17463, 97871, 0, 120.10
2026/09/11 16:21:32.576, 0, 17463, 97871, 1, 119.16
2026/09/11 16:21:32.577, 1, 17463, 97871, 2, 121.21
2026/09/11 16:21:32.577, 2, 17463, 97871, 1, 119.22
2026/09/11 16:21:32.577, 3, 17463, 97871, 1, 120.07
2026/09/11 16:21:32.777, 0, 17463, 97871, 2, 119.24
2026/09/11 16:21:32.777, 1, 17463, 97871, 2, 121.25
2026/09/11 16:21:32.777, 2, 17463, 97871, 2, 119.26
2026/09/11 16:21:32.777, 3, 17463, 97871, 2, 120.05
2026/09/11 16:21:32.977, 0, 17463, 97871, 2, 119.21
2026/09/11 16:21:32.977, 1, 17463, 97871, 1, 121.22
2026/09/11 16:21:32.977, 2, 17463, 97871, 2, 119.26
2026/09/11 16:21:32.977, 3, 17463, 97871, 1, 120.11
2026/09/11 16:21:33.177, 0, 17463, 97871, 1, 119.17
2026/09/11 16:21:33.177, 1, 17463, 97871, 1, 121.21
2026/09/11 16:21:33.177, 2, 17463, 97871, 1, 119.27
2026/09/11 16:21:33.177, 3, 17463, 97871, 2, 120.09
2026/09/11 16:21:33.377, 0, 17463, 97871, 2, 119.18
2026/09/11 16:21:33.377, 1, 17463, 97871, 2, 121.17
2026/09/11 16:21:33.377, 2, 17463, 97871, 1, 119.26
2026/09/11 16:21:33.377, 3, 17463, 97871, 2, 120.02
2026/09/11 16:21:33.578, 0, 17463, 97871, 2, 119.18
2026/09/11 16:21:33.578, 1, 17463, 97871, 1, 121.18
2026/09/11 16:21:33.578, 2, 17463, 97871, 2, 119.27
2026/09/11 16:21:33.578, 3, 17463, 97871, 2, 119.98
2026/09/11 16:21:33.778, 0, 17463, 97871, 0, 119.13
2026/09/11 16:21:33.778, 1, 17463, 97871, 1, 121.13
2026/09/11 16:21:33.778, 2, 17463, 97871, 1, 119.25
2026/09/11 16:21:33.778, 3, 17463, 97871, 0, 120.06
2026/09/11 16:21:33.978, 0, 17463, 97871, 0, 119.15
2026/09/11 16:21:33.978, 1, 17463, 97871, 0, 121.15
2026/09/11 16:21:33.978, 2, 17463, 97871, 0, 119.24
2026/09/11 16:21:33.978, 3, 17463, 97871, 0, 120.04
2026/09/11 16:21:34.178, 0, 17463, 97871, 0, 119.19
2026/09/11 16:21:34.178, 1, 17463, 97871, 0, 121.16
2026/09/11 16:21:34.178, 2, 17463, 97871, 0, 119.23
2026/09/11 16:21:34.178, 3, 17463, 97871, 0, 120.02
2026/09/11 16:21:34.378, 0, 17463, 97871, 0, 119.18
2026/09/11 16:21:34.379, 1, 17463, 97871, 0, 121.17
2026/09/11 16:21:34.379, 2, 17463, 97871, 0, 119.25
2026/09/11 16:21:34.379, 3, 17463, 97871, 0, 120.04
2026/09/11 16:21:34.579, 0, 17463, 97871, 0, 119.17
2026/09/11 16:21:34.579, 1, 17463, 97871, 0, 121.16
2026/09/11 16:21:34.579, 2, 17463, 97871, 0, 119.26
2026/09/11 16:21:34.579, 3, 17463, 97871, 0, 120.08
2026/09/11 16:21:34.779, 0, 17463, 97871, 0, 119.21
2026/09/11 16:21:34.779, 1, 17463, 97871, 0, 121.17
2026/09/11 16:21:34.779, 2, 17463, 97871, 0, 119.29
2026/09/11 16:21:34.779, 3, 17463, 97871, 0, 120.07
2026/09/11 16:21:34.979, 0, 17463, 97871, 0, 119.21
2026/09/11 16:21:34.979, 1, 17463, 97871, 0, 121.17
2026/09/11 16:21:34.979, 2, 17463, 97871, 0, 119.30
2026/09/11 16:21:34.979, 3, 17463, 97871, 0, 120.02
2026/09/11 16:21:35.179, 0, 17463, 97871, 0, 119.20
2026/09/11 16:21:35.179, 1, 17463, 97871, 0, 121.17
2026/09/11 16:21:35.179, 2, 17463, 97871, 0, 119.32
2026/09/11 16:21:35.179, 3, 17463, 97871, 0, 120.02
2026/09/11 16:21:35.380, 0, 17463, 97871, 0, 119.24
2026/09/11 16:21:35.380, 1, 17463, 97871, 0, 121.17
2026/09/11 16:21:35.380, 2, 17463, 97871, 0, 119.32
2026/09/11 16:21:35.380, 3, 17463, 97871, 0, 120.05
2026/09/11 16:21:35.580, 0, 17463, 97871, 0, 119.26
2026/09/11 16:21:35.580, 1, 17463, 97871, 0, 121.14
2026/09/11 16:21:35.580, 2, 17463, 97871, 0, 119.29
2026/09/11 16:21:35.580, 3, 17463, 97871, 0, 120.04
2026/09/11 16:21:35.780, 0, 17463, 97871, 0, 119.22
2026/09/11 16:21:35.780, 1, 17463, 97871, 0, 121.13
2026/09/11 16:21:35.780, 2, 17463, 97871, 0, 119.27
2026/09/11 16:21:35.780, 3, 17463, 97871, 0, 120.00
2026/09/11 16:21:35.980, 0, 17463, 97871, 0, 119.21
2026/09/11 16:21:35.980, 1, 17463, 97871, 0, 121.11
2026/09/11 16:21:35.980, 2, 17463, 97871, 0, 119.27
2026/09/11 16:21:35.980, 3, 17463, 97871, 0, 120.04
2026/09/11 16:21:36.180, 0, 17463, 97871, 0, 119.20
2026/09/11 16:21:36.180, 1, 17463, 97871, 0, 121.11
2026/09/11 16:21:36.180, 2, 17463, 97871, 0, 119.26
2026/09/11 16:21:36.180, 3, 17463, 97871, 0, 120.08
2026/09/11 16:21:36.381, 0, 17463, 97871, 0, 119.16
2026/09/11 16:21:36.381, 1, 17463, 97871, 0, 121.11
2026/09/11 16:21:36.381, 2, 17463, 97871, 0, 119.28
2026/09/11 16:21:36.381, 3, 17463, 97871, 0, 120.09
2026/09/11 16:21:36.581, 0, 17463, 97871, 0, 119.19
2026/09/11 16:21:36.581, 1, 17463, 97871, 0, 121.14
2026/09/11 16:21:36.581, 2, 17463, 97871, 0, 119.30
2026/09/11 16:21:36.581, 3, 17463, 97871, 0, 120.06
2026/09/11 16:21:36.781, 0, 17463, 97871, 0, 119.26
2026/09/11 16:21:36.781, 1, 17463, 97871, 0, 121.15
2026/09/11 16:21:36.781, 2, 17463, 97871, 0, 119.32
2026/09/11 16:21:36.781, 3, 17463, 97871, 0, 120.10
2026/09/11 16:21:36.981, 0, 17463, 97871, 0, 119.21
2026/09/11 16:21:36.981, 1, 17463, 97871, 0, 121.17
2026/09/11 16:21:36.981, 2, 17463, 97871, 0, 119.33
2026/09/11 16:21:36.981, 3, 17463, 97871, 0, 120.18
2026/09/11 16:21:37.181, 0, 17463, 97871, 0, 119.23
2026/09/11 16:21:37.181, 1, 17463, 97871, 0, 121.17
2026/09/11 16:21:37.181, 2, 17463, 97871, 0, 119.31
2026/09/11 16:21:37.181, 3, 17463, 97871, 0, 120.15
2026/09/11 16:21:37.382, 0, 17813, 97871, 0, 119.27
2026/09/11 16:21:37.382, 1, 17813, 97871, 0, 121.19
2026/09/11 16:21:37.382, 2, 18457, 97871, 0, 119.28
2026/09/11 16:21:37.382, 3, 17813, 97871, 0, 120.13
2026/09/11 16:21:37.582, 0, 18457, 97871, 8, 120.01
2026/09/11 16:21:37.582, 1, 18457, 97871, 3, 122.02
2026/09/11 16:21:37.582, 2, 18457, 97871, 6, 120.38
2026/09/11 16:21:37.582, 3, 18457, 97871, 3, 120.99
2026/09/11 16:21:37.782, 0, 18457, 97871, 0, 119.96
2026/09/11 16:21:37.782, 1, 18457, 97871, 0, 122.03
2026/09/11 16:21:37.782, 2, 18457, 97871, 0, 120.42
2026/09/11 16:21:37.782, 3, 18457, 97871, 0, 120.94
2026/09/11 16:21:37.982, 0, 18567, 97871, 0, 120.19
2026/09/11 16:21:37.982, 1, 18567, 97871, 0, 121.97
2026/09/11 16:21:37.982, 2, 18459, 97871, 0, 122.44
2026/09/11 16:21:37.982, 3, 18459, 97871, 0, 120.87
2026/09/11 16:21:38.182, 0, 18567, 97871, 96, 143.76
2026/09/11 16:21:38.182, 1, 18567, 97871, 44, 152.79
2026/09/11 16:21:38.182, 2, 18567, 97871, 94, 150.13
2026/09/11 16:21:38.183, 3, 18567, 97871, 61, 154.63
2026/09/11 16:21:38.383, 0, 18675, 97871, 100, 179.64
2026/09/11 16:21:38.383, 1, 18675, 97871, 100, 189.57
2026/09/11 16:21:38.383, 2, 18675, 97871, 100, 184.71
2026/09/11 16:21:38.383, 3, 18675, 97871, 100, 192.19
2026/09/11 16:21:38.583, 0, 21255, 97871, 99, 214.71
2026/09/11 16:21:38.583, 1, 21255, 97871, 99, 226.50
2026/09/11 16:21:38.583, 2, 21255, 97871, 99, 219.41
2026/09/11 16:21:38.583, 3, 21255, 97871, 99, 226.23
2026/09/11 16:21:38.783, 0, 21255, 97871, 100, 249.00
2026/09/11 16:21:38.783, 1, 21255, 97871, 100, 264.33
2026/09/11 16:21:38.783, 2, 21255, 97871, 100, 258.01
2026/09/11 16:21:38.783, 3, 21255, 97871, 100, 265.82
2026/09/11 16:21:38.983, 0, 21255, 97871, 100, 285.00
2026/09/11 16:21:38.983, 1, 21255, 97871, 100, 301.38
2026/09/11 16:21:38.983, 2, 21255, 97871, 100, 292.94
2026/09/11 16:21:38.983, 3, 21255, 97871, 100, 303.23
2026/09/11 16:21:39.183, 0, 21255, 97871, 100, 300.83
2026/09/11 16:21:39.183, 1, 21255, 97871, 100, 306.85
2026/09/11 16:21:39.183, 2, 21255, 97871, 100, 301.65
2026/09/11 16:21:39.183, 3, 21255, 97871, 100, 306.51
2026/09/11 16:21:39.383, 0, 23303, 97871, 100, 301.07
2026/09/11 16:21:39.383, 1, 23303, 97871, 100, 300.89
2026/09/11 16:21:39.383, 2, 23303, 97871, 100, 296.28
2026/09/11 16:21:39.383, 3, 23303, 97871, 100, 298.14
2026/09/11 16:21:39.584, 0, 23303, 97871, 100, 314.81
2026/09/11 16:21:39.584, 1, 23303, 97871, 100, 280.75
2026/09/11 16:21:39.584, 2, 23303, 97871, 100, 278.67
2026/09/11 16:21:39.584, 3, 23303, 97871, 100, 279.10
2026/09/11 16:21:39.784, 0, 23303, 97871, 100, 327.60
2026/09/11 16:21:39.784, 1, 23303, 97871, 100, 261.97
2026/09/11 16:21:39.784, 2, 23303, 97871, 100, 258.58
2026/09/11 16:21:39.784, 3, 23303, 97871, 100, 260.73
2026/09/11 16:21:39.984, 0, 23303, 97871, 100, 340.92
2026/09/11 16:21:39.984, 1, 23303, 97871, 100, 242.78
2026/09/11 16:21:39.984, 2, 23303, 97871, 100, 240.02
2026/09/11 16:21:39.984, 3, 23303, 97871, 100, 240.23
2026/09/11 16:21:40.184, 0, 23303, 97871, 100, 355.24
2026/09/11 16:21:40.184, 1, 23303, 97871, 100, 223.75
2026/09/11 16:21:40.184, 2, 23303, 97871, 100, 220.30
2026/09/11 16:21:40.184, 3, 23303, 97871, 100, 219.96
2026/09/11 16:21:40.384, 0, 23303, 97871, 100, 369.76
2026/09/11 16:21:40.384, 1, 23303, 97871, 100, 208.45
2026/09/11 16:21:40.384, 2, 23303, 97871, 100, 204.58
2026/09/11 16:21:40.384, 3, 23303, 97871, 100, 208.30
2026/09/11 16:21:40.584, 0, 23839, 97871, 100, 362.53
2026/09/11 16:21:40.585, 1, 23839, 97871, 100, 203.32
2026/09/11 16:21:40.585, 2, 23839, 97871, 100, 196.57
2026/09/11 16:21:40.586, 3, 23839, 97871, 100, 201.08
2026/09/11 16:21:40.786, 0, 23839, 97871, 1, 313.01
2026/09/11 16:21:40.787, 1, 23839, 97871, 1, 186.01
2026/09/11 16:21:40.788, 2, 23839, 97871, 1, 180.41
2026/09/11 16:21:40.789, 3, 23839, 97871, 1, 183.47
2026/09/11 16:21:40.989, 0, 23839, 97871, 0, 266.39
2026/09/11 16:21:40.989, 1, 23839, 97871, 0, 169.92
2026/09/11 16:21:40.989, 2, 23839, 97871, 0, 164.96
2026/09/11 16:21:40.989, 3, 23839, 97871, 0, 169.31
2026/09/11 16:21:41.190, 0, 23839, 97871, 1, 217.88
2026/09/11 16:21:41.190, 1, 23839, 97871, 3, 150.80
2026/09/11 16:21:41.190, 2, 23839, 97871, 3, 150.32
2026/09/11 16:21:41.190, 3, 23839, 97871, 3, 152.45
2026/09/11 16:21:41.390, 0, 23839, 97871, 0, 163.74
2026/09/11 16:21:41.390, 1, 23839, 97871, 0, 133.90
2026/09/11 16:21:41.390, 2, 23839, 97871, 0, 134.21
2026/09/11 16:21:41.390, 3, 23839, 97871, 0, 133.76
2026/09/11 16:21:41.590, 0, 18101, 97871, 0, 122.57
2026/09/11 16:21:41.590, 1, 18101, 97871, 0, 124.11
2026/09/11 16:21:41.590, 2, 18101, 97871, 0, 122.58
2026/09/11 16:21:41.590, 3, 18101, 97871, 0, 123.18
2026/09/11 16:21:41.790, 0, 87495, 97871, 0, 122.20
2026/09/11 16:21:41.790, 1, 87495, 97871, 0, 126.90
2026/09/11 16:21:41.790, 2, 87495, 97871, 0, 125.35
2026/09/11 16:21:41.790, 3, 87495, 97871, 0, 126.26
2026/09/11 16:21:41.990, 0, 87495, 97871, 89, 164.12
2026/09/11 16:21:41.990, 1, 87495, 97871, 61, 142.54
2026/09/11 16:21:41.990, 2, 87495, 97871, 82, 140.69
2026/09/11 16:21:41.990, 3, 87495, 97871, 83, 141.95
2026/09/11 16:21:42.190, 0, 87495, 97871, 100, 213.60
2026/09/11 16:21:42.190, 1, 87495, 97871, 100, 158.82
2026/09/11 16:21:42.190, 2, 87495, 97871, 100, 157.28
2026/09/11 16:21:42.191, 3, 87495, 97871, 100, 159.04
2026/09/11 16:21:42.391, 0, 87495, 97871, 100, 260.65
2026/09/11 16:21:42.391, 1, 87495, 97871, 100, 175.86
2026/09/11 16:21:42.391, 2, 87495, 97871, 100, 174.48
2026/09/11 16:21:42.391, 3, 87495, 97871, 100, 175.31
2026/09/11 16:21:42.591, 0, 87495, 97871, 100, 313.47
2026/09/11 16:21:42.591, 1, 87495, 97871, 100, 193.74
2026/09/11 16:21:42.591, 2, 87495, 97871, 100, 190.57
2026/09/11 16:21:42.591, 3, 87495, 97871, 100, 192.31
2026/09/11 16:21:42.791, 0, 87495, 97871, 100, 358.95
2026/09/11 16:21:42.791, 1, 87495, 97871, 100, 209.36
2026/09/11 16:21:42.791, 2, 87495, 97871, 100, 207.56
2026/09/11 16:21:42.791, 3, 87495, 97871, 100, 208.88
2026/09/11 16:21:42.991, 0, 87495, 97871, 100, 370.03
2026/09/11 16:21:42.991, 1, 87495, 97871, 100, 206.41
2026/09/11 16:21:42.991, 2, 87495, 97871, 100, 203.23
2026/09/11 16:21:42.991, 3, 87495, 97871, 100, 204.69
2026/09/11 16:21:43.191, 0, 87495, 97871, 19, 331.37
2026/09/11 16:21:43.191, 1, 87495, 97871, 70, 192.43
2026/09/11 16:21:43.191, 2, 87495, 97871, 50, 189.17
2026/09/11 16:21:43.191, 3, 87495, 97871, 21, 190.93
2026/09/11 16:21:43.391, 0, 87495, 97871, 0, 283.55
2026/09/11 16:21:43.392, 1, 87495, 97871, 0, 175.09
2026/09/11 16:21:43.392, 2, 87495, 97871, 0, 172.92
2026/09/11 16:21:43.392, 3, 87495, 97871, 0, 173.71
2026/09/11 16:21:43.592, 0, 87495, 97871, 0, 234.23
2026/09/11 16:21:43.592, 1, 87495, 97871, 0, 158.57
2026/09/11 16:21:43.592, 2, 87495, 97871, 0, 154.90
2026/09/11 16:21:43.592, 3, 87495, 97871, 0, 155.91
2026/09/11 16:21:43.792, 0, 87495, 97871, 0, 181.11
2026/09/11 16:21:43.792, 1, 87495, 97871, 0, 140.51
2026/09/11 16:21:43.792, 2, 87495, 97871, 0, 137.60
2026/09/11 16:21:43.792, 3, 87495, 97871, 0, 139.10
2026/09/11 16:21:43.992, 0, 87495, 97871, 0, 131.28
2026/09/11 16:21:43.992, 1, 87495, 97871, 0, 124.97
2026/09/11 16:21:43.992, 2, 87495, 97871, 0, 123.12
2026/09/11 16:21:43.992, 3, 87495, 97871, 0, 124.78
2026/09/11 16:21:44.192, 0, 87495, 97871, 0, 120.11
2026/09/11 16:21:44.192, 1, 87495, 97871, 0, 121.65
2026/09/11 16:21:44.192, 2, 87495, 97871, 0, 119.89
2026/09/11 16:21:44.192, 3, 87495, 97871, 0, 120.50
2026/09/11 16:21:44.392, 0, 87495, 97871, 0, 119.96
2026/09/11 16:21:44.393, 1, 87495, 97871, 0, 121.61
2026/09/11 16:21:44.393, 2, 87495, 97871, 0, 119.79
2026/09/11 16:21:44.393, 3, 87495, 97871, 0, 120.50
2026/09/11 16:21:44.593, 0, 87495, 97871, 0, 119.92
2026/09/11 16:21:44.593, 1, 87495, 97871, 0, 121.56
2026/09/11 16:21:44.593, 2, 87495, 97871, 0, 119.79
2026/09/11 16:21:44.593, 3, 87495, 97871, 0, 120.49
2026/09/11 16:21:44.793, 0, 87495, 97871, 0, 119.88
2026/09/11 16:21:44.793, 1, 87495, 97871, 0, 121.54
2026/09/11 16:21:44.793, 2, 87495, 97871, 0, 119.76
2026/09/11 16:21:44.793, 3, 87495, 97871, 0, 120.44
2026/09/11 16:21:44.993, 0, 87495, 97871, 0, 119.82
2026/09/11 16:21:44.993, 1, 87495, 97871, 0, 121.52
2026/09/11 16:21:44.993, 2, 87495, 97871, 0, 119.73
2026/09/11 16:21:44.993, 3, 87495, 97871, 0, 120.37
2026/09/11 16:21:45.193, 0, 87495, 97871, 0, 119.81
2026/09/11 16:21:45.193, 1, 87495, 97871, 0, 121.53
2026/09/11 16:21:45.193, 2, 87495, 97871, 0, 119.67
2026/09/11 16:21:45.193, 3, 87495, 97871, 0, 120.43
2026/09/11 16:21:45.393, 0, 87495, 97871, 0, 119.75
2026/09/11 16:21:45.393, 1, 87495, 97871, 0, 121.53
2026/09/11 16:21:45.394, 2, 87495, 97871, 0, 119.64
2026/09/11 16:21:45.394, 3, 87495, 97871, 0, 120.43
2026/09/11 16:21:45.594, 0, 87495, 97871, 0, 119.77
2026/09/11 16:21:45.594, 1, 87495, 97871, 0, 121.55
2026/09/11 16:21:45.595, 2, 87495, 97871, 0, 119.63
2026/09/11 16:21:45.595, 3, 87495, 97871, 0, 120.40
2026/09/11 16:21:45.795, 0, 87495, 97871, 0, 119.76
2026/09/11 16:21:45.795, 1, 87495, 97871, 0, 121.55
2026/09/11 16:21:45.795, 2, 87495, 97871, 0, 119.60
2026/09/11 16:21:45.795, 3, 87495, 97871, 0, 120.39
2026/09/11 16:21:45.995, 0, 87495, 97871, 0, 119.75
2026/09/11 16:21:45.995, 1, 87495, 97871, 0, 121.55
2026/09/11 16:21:45.995, 2, 87495, 97871, 0, 119.63
2026/09/11 16:21:45.995, 3, 87495, 97871, 0, 120.44
2026/09/11 16:21:46.195, 0, 87495, 97871, 0, 119.76
2026/09/11 16:21:46.195, 1, 87495, 97871, 0, 121.55
2026/09/11 16:21:46.195, 2, 87495, 97871, 0, 119.64
2026/09/11 16:21:46.195, 3, 87495, 97871, 0, 120.45
2026/09/11 16:21:46.395, 0, 87495, 97871, 0, 119.77
2026/09/11 16:21:46.395, 1, 87495, 97871, 0, 121.55
2026/09/11 16:21:46.395, 2, 87495, 97871, 0, 119.64
2026/09/11 16:21:46.395, 3, 87495, 97871, 0, 120.39
2026/09/11 16:21:46.596, 0, 87495, 97871, 0, 119.73
2026/09/11 16:21:46.596, 1, 87495, 97871, 0, 121.51
2026/09/11 16:21:46.596, 2, 87495, 97871, 0, 119.59
2026/09/11 16:21:46.596, 3, 87495, 97871, 0, 120.39
2026/09/11 16:21:46.796, 0, 87495, 97871, 0, 119.76
2026/09/11 16:21:46.796, 1, 87495, 97871, 0, 121.49
2026/09/11 16:21:46.796, 2, 87495, 97871, 0, 119.59
2026/09/11 16:21:46.796, 3, 87495, 97871, 0, 120.39
2026/09/11 16:21:46.996, 0, 87495, 97871, 0, 119.79
2026/09/11 16:21:46.996, 1, 87495, 97871, 0, 121.48
2026/09/11 16:21:46.996, 2, 87495, 97871, 0, 119.58
2026/09/11 16:21:46.996, 3, 87495, 97871, 0, 120.36
2026/09/11 16:21:47.196, 0, 87495, 97871, 0, 119.75
2026/09/11 16:21:47.196, 1, 87495, 97871, 0, 121.48
2026/09/11 16:21:47.196, 2, 87495, 97871, 0, 119.56
2026/09/11 16:21:47.196, 3, 87495, 97871, 0, 120.29
2026/09/11 16:21:47.396, 0, 87495, 97871, 0, 119.77
2026/09/11 16:21:47.396, 1, 87495, 97871, 0, 121.46
2026/09/11 16:21:47.396, 2, 87495, 97871, 0, 119.54
2026/09/11 16:21:47.396, 3, 87495, 97871, 0, 120.31
2026/09/11 16:21:47.596, 0, 87495, 97871, 0, 119.82
2026/09/11 16:21:47.596, 1, 87495, 97871, 0, 121.48
2026/09/11 16:21:47.597, 2, 87495, 97871, 0, 119.57
2026/09/11 16:21:47.597, 3, 87495, 97871, 0, 120.36
2026/09/11 16:21:47.797, 0, 87495, 97871, 0, 119.77
2026/09/11 16:21:47.797, 1, 87495, 97871, 0, 121.48
2026/09/11 16:21:47.797, 2, 87495, 97871, 0, 119.56
2026/09/11 16:21:47.797, 3, 87495, 97871, 0, 120.33
2026/09/11 16:21:47.997, 0, 87495, 97871, 0, 119.75
2026/09/11 16:21:47.997, 1, 87495, 97871, 0, 121.48
2026/09/11 16:21:47.997, 2, 87495, 97871, 0, 119.56
2026/09/11 16:21:47.997, 3, 87495, 97871, 0, 120.28
2026/09/11 16:21:48.197, 0, 87495, 97871, 0, 119.75
2026/09/11 16:21:48.197, 1, 87495, 97871, 0, 121.47
2026/09/11 16:21:48.197, 2, 87495, 97871, 0, 119.56
2026/09/11 16:21:48.197, 3, 87495, 97871, 0, 120.33
2026/09/11 16:21:48.397, 0, 87495, 97871, 0, 119.72
2026/09/11 16:21:48.397, 1, 87495, 97871, 0, 121.46
2026/09/11 16:21:48.397, 2, 87495, 97871, 0, 119.57
2026/09/11 16:21:48.397, 3, 87495, 97871, 0, 120.34
2026/09/11 16:21:48.598, 0, 87495, 97871, 0, 119.68
2026/09/11 16:21:48.598, 1, 87495, 97871, 0, 121.45
2026/09/11 16:21:48.598, 2, 87495, 97871, 0, 119.57
2026/09/11 16:21:48.598, 3, 87495, 97871, 0, 120.29
2026/09/11 16:21:48.798, 0, 87495, 97871, 0, 119.70
2026/09/11 16:21:48.798, 1, 87495, 97871, 0, 121.44
2026/09/11 16:21:48.798, 2, 87495, 97871, 0, 119.56
2026/09/11 16:21:48.798, 3, 87495, 97871, 0, 120.26
2026/09/11 16:21:48.998, 0, 87495, 97871, 0, 119.69
2026/09/11 16:21:48.998, 1, 87495, 97871, 0, 121.45
2026/09/11 16:21:48.998, 2, 87495, 97871, 0, 119.56
2026/09/11 16:21:48.998, 3, 87495, 97871, 0, 120.32
2026/09/11 16:21:49.198, 0, 87495, 97871, 0, 119.68
2026/09/11 16:21:49.198, 1, 87495, 97871, 0, 121.47
2026/09/11 16:21:49.198, 2, 87495, 97871, 0, 119.56
2026/09/11 16:21:49.198, 3, 87495, 97871, 0, 120.35
2026/09/11 16:21:49.398, 0, 87495, 97871, 0, 119.70
2026/09/11 16:21:49.398, 1, 87495, 97871, 0, 121.48
2026/09/11 16:21:49.398, 2, 87495, 97871, 0, 119.54
2026/09/11 16:21:49.399, 3, 87495, 97871, 0, 120.31
2026/09/11 16:21:49.599, 0, 87495, 97871, 0, 119.66
2026/09/11 16:21:49.599, 1, 87495, 97871, 0, 121.49
2026/09/11 16:21:49.599, 2, 87495, 97871, 0, 119.55
2026/09/11 16:21:49.599, 3, 87495, 97871, 0, 120.31
2026/09/11 16:21:49.799, 0, 87495, 97871, 0, 119.63
2026/09/11 16:21:49.799, 1, 87495, 97871, 0, 121.50
2026/09/11 16:21:49.799, 2, 87495, 97871, 0, 119.55
2026/09/11 16:21:49.799, 3, 87495, 97871, 0, 120.37
2026/09/11 16:21:49.999, 0, 87495, 97871, 0, 119.64
2026/09/11 16:21:49.999, 1, 87495, 97871, 0, 121.51
2026/09/11 16:21:49.999, 2, 87495, 97871, 0, 119.58
2026/09/11 16:21:49.999, 3, 87495, 97871, 0, 120.37
2026/09/11 16:21:50.199, 0, 87495, 97871, 0, 119.61
2026/09/11 16:21:50.199, 1, 87495, 97871, 0, 121.50
2026/09/11 16:21:50.199, 2, 87495, 97871, 0, 119.59
2026/09/11 16:21:50.199, 3, 87495, 97871, 0, 120.30
2026/09/11 16:21:50.400, 0, 87495, 97871, 0, 119.57
2026/09/11 16:21:50.400, 1, 87495, 97871, 0, 121.51
2026/09/11 16:21:50.400, 2, 87495, 97871, 0, 119.62
2026/09/11 16:21:50.400, 3, 87495, 97871, 0, 120.30
2026/09/11 16:21:50.600, 0, 87495, 97871, 0, 119.61
2026/09/11 16:21:50.600, 1, 87495, 97871, 0, 121.50
2026/09/11 16:21:50.600, 2, 87495, 97871, 0, 119.61
2026/09/11 16:21:50.600, 3, 87495, 97871, 0, 120.35
2026/09/11 16:21:50.800, 0, 87495, 97871, 0, 119.62
2026/09/11 16:21:50.800, 1, 87495, 97871, 0, 121.48
2026/09/11 16:21:50.800, 2, 87495, 97871, 0, 119.60
2026/09/11 16:21:50.800, 3, 87495, 97871, 0, 120.34
2026/09/11 16:21:51.000, 0, 87495, 97871, 0, 119.58
2026/09/11 16:21:51.000, 1, 87495, 97871, 0, 121.47
2026/09/11 16:21:51.000, 2, 87495, 97871, 0, 119.57
2026/09/11 16:21:51.000, 3, 87495, 97871, 0, 120.30
2026/09/11 16:21:51.200, 0, 87497, 97871, 0, 122.60
2026/09/11 16:21:51.201, 1, 87497, 97871, 0, 123.68
2026/09/11 16:21:51.201, 2, 87497, 97871, 0, 122.15
2026/09/11 16:21:51.201, 3, 87497, 97871, 0, 122.58
2026/09/11 16:21:51.401, 0, 87497, 97871, 0, 122.60
2026/09/11 16:21:51.401, 1, 87497, 97871, 9, 124.35
2026/09/11 16:21:51.401, 2, 87497, 97871, 0, 122.25
2026/09/11 16:21:51.401, 3, 87497, 97871, 0, 123.12
2026/09/11 16:21:51.601, 0, 87497, 97871, 0, 122.60
2026/09/11 16:21:51.601, 1, 87497, 97871, 0, 124.36
2026/09/11 16:21:51.601, 2, 87497, 97871, 0, 122.27
2026/09/11 16:21:51.601, 3, 87497, 97871, 0, 123.19
2026/09/11 16:21:51.801, 0, 87497, 97871, 0, 122.61
2026/09/11 16:21:51.801, 1, 87497, 97871, 0, 124.40
2026/09/11 16:21:51.801, 2, 87497, 97871, 0, 122.28
2026/09/11 16:21:51.801, 3, 87497, 97871, 0, 123.13
2026/09/11 16:21:52.001, 0, 87497, 97871, 0, 122.71
2026/09/11 16:21:52.002, 1, 87497, 97871, 0, 124.42
2026/09/11 16:21:52.002, 2, 87497, 97871, 0, 122.35
2026/09/11 16:21:52.002, 3, 87497, 97871, 0, 123.14
2026/09/11 16:21:52.202, 0, 87497, 97871, 0, 119.69
2026/09/11 16:21:52.202, 1, 87497, 97871, 0, 122.84
2026/09/11 16:21:52.202, 2, 87497, 97871, 0, 120.18
2026/09/11 16:21:52.202, 3, 87497, 97871, 0, 120.96
2026/09/11 16:21:52.402, 0, 87497, 97871, 0, 119.66
2026/09/11 16:21:52.402, 1, 87497, 97871, 0, 121.59
2026/09/11 16:21:52.402, 2, 87497, 97871, 0, 119.56
2026/09/11 16:21:52.402, 3, 87497, 97871, 0, 120.35
2026/09/11 16:21:52.602, 0, 87497, 97871, 0, 119.69
2026/09/11 16:21:52.602, 1, 87497, 97871, 0, 121.58
2026/09/11 16:21:52.602, 2, 87497, 97871, 0, 119.52
2026/09/11 16:21:52.602, 3, 87497, 97871, 0, 120.31
2026/09/11 16:21:52.802, 0, 87497, 97871, 0, 119.65
2026/09/11 16:21:52.802, 1, 87497, 97871, 0, 121.55
2026/09/11 16:21:52.802, 2, 87497, 97871, 0, 119.52
2026/09/11 16:21:52.802, 3, 87497, 97871, 0, 120.35
2026/09/11 16:21:53.003, 0, 87497, 97871, 0, 119.61
2026/09/11 16:21:53.003, 1, 87497, 97871, 0, 121.53
2026/09/11 16:21:53.003, 2, 87497, 97871, 0, 119.51
2026/09/11 16:21:53.003, 3, 87497, 97871, 0, 120.36
2026/09/11 16:21:53.203, 0, 87497, 97871, 0, 119.64
2026/09/11 16:21:53.203, 1, 87497, 97871, 0, 121.51
2026/09/11 16:21:53.203, 2, 87497, 97871, 0, 119.51
2026/09/11 16:21:53.203, 3, 87497, 97871, 0, 120.32
2026/09/11 16:21:53.403, 0, 87497, 97871, 0, 119.62
2026/09/11 16:21:53.403, 1, 87497, 97871, 0, 121.51
2026/09/11 16:21:53.403, 2, 87497, 97871, 0, 119.53
2026/09/11 16:21:53.403, 3, 87497, 97871, 0, 120.32
2026/09/11 16:21:53.603, 0, 87497, 97871, 0, 119.61
2026/09/11 16:21:53.603, 1, 87497, 97871, 0, 121.49
2026/09/11 16:21:53.603, 2, 87497, 97871, 0, 119.55
2026/09/11 16:21:53.603, 3, 87497, 97871, 0, 120.37
2026/09/11 16:21:53.803, 0, 87497, 97871, 0, 119.65
2026/09/11 16:21:53.804, 1, 87497, 97871, 0, 121.50
2026/09/11 16:21:53.804, 2, 87497, 97871, 0, 119.56
2026/09/11 16:21:53.804, 3, 87497, 97871, 0, 120.38
2026/09/11 16:21:54.004, 0, 87497, 97871, 0, 119.68
2026/09/11 16:21:54.004, 1, 87497, 97871, 0, 121.51
2026/09/11 16:21:54.004, 2, 87497, 97871, 0, 119.60
2026/09/11 16:21:54.004, 3, 87497, 97871, 0, 120.32
2026/09/11 16:21:54.204, 0, 87497, 97871, 0, 119.64
2026/09/11 16:21:54.204, 1, 87497, 97871, 0, 121.51
2026/09/11 16:21:54.204, 2, 87497, 97871, 0, 119.61
2026/09/11 16:21:54.204, 3, 87497, 97871, 0, 120.34
2026/09/11 16:21:54.404, 0, 87497, 97871, 0, 119.65
2026/09/11 16:21:54.404, 1, 87497, 97871, 0, 121.51
2026/09/11 16:21:54.404, 2, 87497, 97871, 0, 119.61
2026/09/11 16:21:54.404, 3, 87497, 97871, 0, 120.36
2026/09/11 16:21:54.604, 0, 87497, 97871, 0, 119.64
2026/09/11 16:21:54.604, 1, 87497, 97871, 0, 121.53
2026/09/11 16:21:54.604, 2, 87497, 97871, 0, 119.59
2026/09/11 16:21:54.604, 3, 87497, 97871, 0, 120.34
2026/09/11 16:21:54.805, 0, 87497, 97871, 0, 119.62
2026/09/11 16:21:54.805, 1, 87497, 97871, 0, 121.51
2026/09/11 16:21:54.805, 2, 87497, 97871, 0, 119.59
2026/09/11 16:21:54.805, 3, 87497, 97871, 0, 120.29
2026/09/11 16:21:55.005, 0, 87497, 97871, 0, 120.01
2026/09/11 16:21:55.005, 1, 87497, 97871, 0, 121.85
2026/09/11 16:21:55.005, 2, 87497, 97871, 0, 120.71
2026/09/11 16:21:55.005, 3, 87497, 97871, 0, 120.67
2026/09/11 16:21:55.205, 0, 87497, 97871, 0, 120.03
2026/09/11 16:21:55.205, 1, 87497, 97871, 0, 121.85
2026/09/11 16:21:55.205, 2, 87497, 97871, 100, 121.35
2026/09/11 16:21:55.205, 3, 87497, 97871, 0, 120.68
2026/09/11 16:21:55.405, 0, 87497, 97871, 0, 120.01
2026/09/11 16:21:55.406, 1, 87497, 97871, 0, 121.83
2026/09/11 16:21:55.406, 2, 87497, 97871, 100, 122.00
2026/09/11 16:21:55.406, 3, 87497, 97871, 0, 120.67
2026/09/11 16:21:55.606, 0, 87497, 97871, 0, 120.01
2026/09/11 16:21:55.606, 1, 87497, 97871, 0, 121.84
2026/09/11 16:21:55.606, 2, 87497, 97871, 100, 122.64
2026/09/11 16:21:55.606, 3, 87497, 97871, 0, 120.66
2026/09/11 16:21:55.806, 0, 87497, 97871, 0, 120.01
2026/09/11 16:21:55.806, 1, 87497, 97871, 0, 121.85
2026/09/11 16:21:55.806, 2, 87497, 97871, 100, 123.22
2026/09/11 16:21:55.806, 3, 87497, 97871, 0, 120.71
2026/09/11 16:21:56.006, 0, 87497, 97871, 0, 119.60
2026/09/11 16:21:56.006, 1, 87497, 97871, 0, 121.52
2026/09/11 16:21:56.006, 2, 87497, 97871, 100, 122.82
2026/09/11 16:21:56.006, 3, 87497, 97871, 0, 120.38
2026/09/11 16:21:56.207, 0, 87497, 97871, 0, 119.96
2026/09/11 16:21:56.207, 1, 87497, 97871, 0, 122.64
2026/09/11 16:21:56.207, 2, 87497, 97871, 100, 123.08
2026/09/11 16:21:56.207, 3, 87497, 97871, 0, 120.66
2026/09/11 16:21:56.407, 0, 87497, 97871, 0, 119.96
2026/09/11 16:21:56.407, 1, 87497, 97871, 100, 123.33
2026/09/11 16:21:56.407, 2, 87497, 97871, 100, 123.09
2026/09/11 16:21:56.407, 3, 87497, 97871, 0, 120.63
2026/09/11 16:21:56.607, 0, 87497, 97871, 0, 119.98
2026/09/11 16:21:56.607, 1, 87497, 97871, 100, 123.93
2026/09/11 16:21:56.607, 2, 87497, 97871, 100, 123.08
2026/09/11 16:21:56.607, 3, 87497, 97871, 0, 120.65
2026/09/11 16:21:56.807, 0, 87497, 97871, 0, 119.95
2026/09/11 16:21:56.807, 1, 87497, 97871, 100, 124.64
2026/09/11 16:21:56.807, 2, 87497, 97871, 100, 123.04
2026/09/11 16:21:56.807, 3, 87497, 97871, 0, 120.64
2026/09/11 16:21:57.007, 0, 87497, 97871, 0, 119.99
2026/09/11 16:21:57.007, 1, 87497, 97871, 100, 125.29
2026/09/11 16:21:57.007, 2, 87497, 97871, 100, 123.00
2026/09/11 16:21:57.008, 3, 87497, 97871, 0, 120.61
2026/09/11 16:21:57.208, 0, 87497, 97871, 0, 119.60
2026/09/11 16:21:57.208, 1, 87497, 97871, 100, 124.80
2026/09/11 16:21:57.208, 2, 87497, 97871, 100, 122.70
2026/09/11 16:21:57.208, 3, 87497, 97871, 0, 120.32
2026/09/11 16:21:57.408, 0, 87497, 97871, 0, 119.98
2026/09/11 16:21:57.408, 1, 87497, 97871, 100, 125.10
2026/09/11 16:21:57.408, 2, 87497, 97871, 100, 123.01
2026/09/11 16:21:57.408, 3, 87497, 97871, 0, 121.40
2026/09/11 16:21:57.608, 0, 87497, 97871, 0, 119.97
2026/09/11 16:21:57.608, 1, 87497, 97871, 100, 125.10
2026/09/11 16:21:57.608, 2, 87497, 97871, 100, 123.00
2026/09/11 16:21:57.608, 3, 87497, 97871, 100, 121.99
2026/09/11 16:21:57.808, 0, 87497, 97871, 0, 120.00
2026/09/11 16:21:57.808, 1, 87497, 97871, 100, 125.11
2026/09/11 16:21:57.808, 2, 87497, 97871, 100, 123.00
2026/09/11 16:21:57.808, 3, 87497, 97871, 100, 122.58
2026/09/11 16:21:58.008, 0, 87497, 97871, 0, 119.97
2026/09/11 16:21:58.008, 1, 87497, 97871, 100, 125.09
2026/09/11 16:21:58.008, 2, 87497, 97871, 100, 123.02
2026/09/11 16:21:58.009, 3, 87497, 97871, 100, 123.21
2026/09/11 16:21:58.209, 0, 87497, 97871, 0, 120.00
2026/09/11 16:21:58.209, 1, 87497, 97871, 100, 125.10
2026/09/11 16:21:58.209, 2, 87497, 97871, 100, 123.03
2026/09/11 16:21:58.209, 3, 87497, 97871, 100, 123.88
2026/09/11 16:21:58.409, 0, 87497, 97871, 0, 119.63
2026/09/11 16:21:58.409, 1, 87497, 97871, 100, 124.79
2026/09/11 16:21:58.409, 2, 87497, 97871, 100, 122.73
2026/09/11 16:21:58.409, 3, 87497, 97871, 100, 123.47
2026/09/11 16:21:58.609, 0, 87497, 97871, 0, 124.88
2026/09/11 16:21:58.609, 1, 87497, 97871, 78, 130.20
2026/09/11 16:21:58.609, 2, 87497, 97871, 100, 128.43
2026/09/11 16:21:58.609, 3, 87497, 97871, 100, 128.52
2026/09/11 16:21:58.809, 0, 87497, 97871, 0, 124.77
2026/09/11 16:21:58.809, 1, 87497, 97871, 0, 129.69
2026/09/11 16:21:58.809, 2, 87497, 97871, 0, 127.92
2026/09/11 16:21:58.809, 3, 87497, 97871, 0, 128.08
2026/09/11 16:21:59.009, 0, 87497, 97871, 0, 138.63
2026/09/11 16:21:59.010, 1, 87497, 97871, 0, 131.45
2026/09/11 16:21:59.010, 2, 87497, 97871, 0, 129.95
2026/09/11 16:21:59.010, 3, 87497, 97871, 0, 130.49
2026/09/11 16:21:59.210, 0, 87497, 97871, 82, 189.43
2026/09/11 16:21:59.210, 1, 87497, 97871, 99, 181.97
2026/09/11 16:21:59.210, 2, 87497, 97871, 71, 179.69
2026/09/11 16:21:59.210, 3, 87497, 97871, 71, 181.65
2026/09/11 16:21:59.410, 0, 87497, 97871, 98, 242.20
2026/09/11 16:21:59.410, 1, 87497, 97871, 100, 231.47
2026/09/11 16:21:59.410, 2, 87497, 97871, 98, 227.48
2026/09/11 16:21:59.410, 3, 87497, 97871, 98, 231.35
2026/09/11 16:21:59.610, 0, 87497, 97871, 92, 238.57
2026/09/11 16:21:59.610, 1, 87497, 97871, 22, 241.27
2026/09/11 16:21:59.610, 2, 87497, 97871, 100, 234.24
2026/09/11 16:21:59.610, 3, 87497, 97871, 100, 239.36
2026/09/11 16:21:59.810, 0, 87497, 97871, 0, 240.94
2026/09/11 16:21:59.810, 1, 87497, 97871, 0, 241.47
2026/09/11 16:21:59.810, 2, 87497, 97871, 0, 234.21
2026/09/11 16:21:59.810, 3, 87497, 97871, 0, 239.33
2026/09/11 16:22:00.011, 0, 87497, 97871, 0, 229.90
2026/09/11 16:22:00.011, 1, 87497, 97871, 0, 239.14
2026/09/11 16:22:00.011, 2, 87497, 97871, 0, 233.66
2026/09/11 16:22:00.011, 3, 87497, 97871, 0, 238.77
2026/09/11 16:22:00.211, 0, 87497, 97871, 0, 181.42
2026/09/11 16:22:00.211, 1, 87497, 97871, 0, 194.04
2026/09/11 16:22:00.211, 2, 87497, 97871, 0, 186.46
2026/09/11 16:22:00.211, 3, 87497, 97871, 0, 193.02
2026/09/11 16:22:00.411, 0, 87499, 97871, 74, 131.79
2026/09/11 16:22:00.411, 1, 87501, 97871, 14, 149.87
2026/09/11 16:22:00.411, 2, 87501, 97871, 75, 147.89
2026/09/11 16:22:00.411, 3, 87497, 97871, 26, 148.82
2026/09/11 16:22:00.611, 0, 87501, 97871, 5, 156.28
2026/09/11 16:22:00.611, 1, 87501, 97871, 69, 147.12
2026/09/11 16:22:00.611, 2, 87501, 97871, 0, 146.16
2026/09/11 16:22:00.611, 3, 87501, 97871, 0, 145.58
2026/09/11 16:22:00.811, 0, 87501, 97871, 93, 196.68
2026/09/11 16:22:00.812, 1, 87501, 97871, 99, 195.89
2026/09/11 16:22:00.812, 2, 87501, 97871, 97, 192.71
2026/09/11 16:22:00.812, 3, 87501, 97871, 97, 193.37
2026/09/11 16:22:01.012, 0, 87501, 97871, 41, 221.43
2026/09/11 16:22:01.012, 1, 87501, 97871, 3, 213.76
2026/09/11 16:22:01.012, 2, 87501, 97871, 52, 207.39
2026/09/11 16:22:01.012, 3, 87501, 97871, 51, 209.71
2026/09/11 16:22:01.212, 0, 87501, 97871, 95, 226.09
2026/09/11 16:22:01.212, 1, 87501, 97871, 57, 234.71
2026/09/11 16:22:01.212, 2, 87501, 97871, 94, 224.68
2026/09/11 16:22:01.212, 3, 87501, 97871, 93, 231.26
2026/09/11 16:22:01.412, 0, 87501, 97871, 0, 222.89
2026/09/11 16:22:01.412, 1, 87501, 97871, 0, 228.81
2026/09/11 16:22:01.412, 2, 87501, 97871, 0, 217.73
2026/09/11 16:22:01.412, 3, 87501, 97871, 0, 223.58
2026/09/11 16:22:01.612, 0, 87501, 97871, 0, 199.47
2026/09/11 16:22:01.612, 1, 87501, 97871, 0, 214.68
2026/09/11 16:22:01.613, 2, 87501, 97871, 0, 205.41
2026/09/11 16:22:01.613, 3, 87501, 97871, 0, 211.13
2026/09/11 16:22:01.813, 0, 87501, 97871, 0, 161.00
2026/09/11 16:22:01.813, 1, 87501, 97871, 0, 166.94
2026/09/11 16:22:01.813, 2, 87501, 97871, 0, 157.01
2026/09/11 16:22:01.813, 3, 87501, 97871, 0, 160.18
2026/09/11 16:22:02.013, 0, 87501, 97871, 82, 148.82
2026/09/11 16:22:02.013, 1, 87501, 97871, 19, 153.38
2026/09/11 16:22:02.013, 2, 87501, 97871, 66, 148.95
2026/09/11 16:22:02.013, 3, 87501, 97871, 24, 155.36
2026/09/11 16:22:02.213, 0, 87501, 97871, 42, 179.77
2026/09/11 16:22:02.213, 1, 87501, 97871, 94, 170.06
2026/09/11 16:22:02.213, 2, 87501, 97871, 31, 168.08
2026/09/11 16:22:02.213, 3, 87501, 97871, 32, 170.04
2026/09/11 16:22:02.413, 0, 87501, 97871, 92, 193.44
2026/09/11 16:22:02.413, 1, 87501, 97871, 22, 185.68
2026/09/11 16:22:02.414, 2, 87501, 97871, 100, 183.17
2026/09/11 16:22:02.414, 3, 87501, 97871, 100, 185.41
2026/09/11 16:22:02.614, 0, 87501, 97871, 71, 227.70
2026/09/11 16:22:02.614, 1, 87501, 97871, 99, 226.96
2026/09/11 16:22:02.614, 2, 87501, 97871, 58, 224.61
2026/09/11 16:22:02.614, 3, 87501, 97871, 44, 227.62
2026/09/11 16:22:02.814, 0, 87501, 97871, 31, 224.57
2026/09/11 16:22:02.814, 1, 87501, 97871, 0, 230.56
2026/09/11 16:22:02.814, 2, 87501, 97871, 40, 224.67
2026/09/11 16:22:02.814, 3, 87501, 97871, 39, 227.37
2026/09/11 16:22:03.014, 0, 87501, 97871, 0, 216.92
2026/09/11 16:22:03.014, 1, 87501, 97871, 0, 223.42
2026/09/11 16:22:03.015, 2, 87501, 97871, 0, 219.13
2026/09/11 16:22:03.015, 3, 87501, 97871, 0, 221.74
2026/09/11 16:22:03.215, 0, 87501, 97871, 0, 173.05
2026/09/11 16:22:03.215, 1, 87501, 97871, 0, 183.20
2026/09/11 16:22:03.215, 2, 87501, 97871, 0, 182.55
2026/09/11 16:22:03.215, 3, 87501, 97871, 0, 179.32
2026/09/11 16:22:03.415, 0, 87501, 97871, 0, 166.44
2026/09/11 16:22:03.415, 1, 87501, 97871, 30, 174.87
2026/09/11 16:22:03.415, 2, 87501, 97871, 0, 171.48
2026/09/11 16:22:03.415, 3, 87501, 97871, 0, 171.62
2026/09/11 16:22:03.615, 0, 87501, 97871, 9, 151.34
2026/09/11 16:22:03.615, 1, 87501, 97871, 0, 142.50
2026/09/11 16:22:03.615, 2, 87501, 97871, 17, 142.51
2026/09/11 16:22:03.615, 3, 87501, 97871, 6, 142.28
2026/09/11 16:22:03.815, 0, 87501, 97871, 98, 193.74
2026/09/11 16:22:03.816, 1, 87501, 97871, 96, 187.70
2026/09/11 16:22:03.816, 2, 87501, 97871, 98, 185.54
2026/09/11 16:22:03.816, 3, 87501, 97871, 93, 186.57
2026/09/11 16:22:04.016, 0, 87501, 97871, 60, 216.15
2026/09/11 16:22:04.016, 1, 87501, 97871, 1, 204.67
2026/09/11 16:22:04.016, 2, 87501, 97871, 70, 202.68
2026/09/11 16:22:04.016, 3, 87501, 97871, 68, 204.99
2026/09/11 16:22:04.216, 0, 87501, 97871, 100, 230.97
2026/09/11 16:22:04.216, 1, 87501, 97871, 64, 230.29
2026/09/11 16:22:04.216, 2, 87501, 97871, 100, 229.62
2026/09/11 16:22:04.216, 3, 87501, 97871, 100, 231.24
2026/09/11 16:22:04.416, 0, 87501, 97871, 0, 219.11
2026/09/11 16:22:04.416, 1, 87501, 97871, 0, 223.58
2026/09/11 16:22:04.416, 2, 87501, 97871, 0, 220.85
2026/09/11 16:22:04.416, 3, 87501, 97871, 0, 224.55
2026/09/11 16:22:04.616, 0, 87501, 97871, 0, 202.80
2026/09/11 16:22:04.616, 1, 87501, 97871, 0, 217.71
2026/09/11 16:22:04.616, 2, 87501, 97871, 0, 215.03
2026/09/11 16:22:04.616, 3, 87501, 97871, 0, 216.78
2026/09/11 16:22:04.817, 0, 87501, 97871, 0, 158.83
2026/09/11 16:22:04.817, 1, 87501, 97871, 0, 172.21
2026/09/11 16:22:04.817, 2, 87501, 97871, 0, 169.34
2026/09/11 16:22:04.817, 3, 87501, 97871, 0, 170.29
2026/09/11 16:22:05.017, 0, 87501, 97871, 59, 157.79
2026/09/11 16:22:05.017, 1, 87501, 97871, 1, 166.85
2026/09/11 16:22:05.017, 2, 87501, 97871, 60, 163.49
2026/09/11 16:22:05.017, 3, 87501, 97871, 9, 165.75
2026/09/11 16:22:05.217, 0, 87501, 97871, 94, 157.54
2026/09/11 16:22:05.217, 1, 87501, 97871, 57, 160.26
2026/09/11 16:22:05.217, 2, 87501, 97871, 96, 156.31
2026/09/11 16:22:05.217, 3, 87501, 97871, 96, 159.34
2026/09/11 16:22:05.417, 0, 87501, 97871, 23, 198.38
2026/09/11 16:22:05.417, 1, 87501, 97871, 91, 189.82
2026/09/11 16:22:05.417, 2, 87501, 97871, 12, 185.75
2026/09/11 16:22:05.417, 3, 87501, 97871, 0, 188.20
2026/09/11 16:22:05.618, 0, 87501, 97871, 85, 202.61
2026/09/11 16:22:05.618, 1, 87501, 97871, 16, 204.86
2026/09/11 16:22:05.618, 2, 87501, 97871, 94, 198.12
2026/09/11 16:22:05.618, 3, 87501, 97871, 93, 202.70
2026/09/11 16:22:05.818, 0, 87501, 97871, 0, 198.65
2026/09/11 16:22:05.818, 1, 87501, 97871, 0, 203.84
2026/09/11 16:22:05.818, 2, 87501, 97871, 0, 198.54
2026/09/11 16:22:05.818, 3, 87501, 97871, 0, 201.56
2026/09/11 16:22:06.018, 0, 87501, 97871, 0, 181.65
2026/09/11 16:22:06.018, 1, 87501, 97871, 0, 193.85
2026/09/11 16:22:06.018, 2, 87501, 97871, 0, 185.55
2026/09/11 16:22:06.018, 3, 87501, 97871, 0, 187.75
2026/09/11 16:22:06.218, 0, 87501, 97871, 0, 164.17
2026/09/11 16:22:06.218, 1, 87501, 97871, 0, 166.73
2026/09/11 16:22:06.218, 2, 87501, 97871, 0, 163.23
2026/09/11 16:22:06.218, 3, 87501, 97871, 0, 163.46
2026/09/11 16:22:06.418, 0, 86967, 97871, 0, 127.27
2026/09/11 16:22:06.418, 1, 86967, 97871, 0, 136.58
2026/09/11 16:22:06.418, 2, 86967, 97871, 0, 138.77
2026/09/11 16:22:06.418, 3, 86967, 97871, 0, 137.88
2026/09/11 16:22:06.619, 0, 86933, 97871, 2, 119.84
2026/09/11 16:22:06.619, 1, 86933, 97871, 1, 122.84
2026/09/11 16:22:06.619, 2, 86933, 97871, 2, 120.42
2026/09/11 16:22:06.619, 3, 86933, 97871, 2, 120.95
2026/09/11 16:22:06.819, 0, 86933, 97871, 0, 119.76
2026/09/11 16:22:06.819, 1, 86933, 97871, 0, 122.74
2026/09/11 16:22:06.819, 2, 86933, 97871, 0, 120.34
2026/09/11 16:22:06.819, 3, 86933, 97871, 0, 120.85
2026/09/11 16:22:07.019, 0, 86933, 97871, 0, 119.69
2026/09/11 16:22:07.019, 1, 86933, 97871, 0, 122.71
2026/09/11 16:22:07.019, 2, 86933, 97871, 0, 120.29
2026/09/11 16:22:07.019, 3, 86933, 97871, 0, 120.78
2026/09/11 16:22:07.219, 0, 86933, 97871, 0, 119.67
2026/09/11 16:22:07.219, 1, 86933, 97871, 0, 122.68
2026/09/11 16:22:07.219, 2, 86933, 97871, 0, 120.27
2026/09/11 16:22:07.219, 3, 86933, 97871, 0, 120.82
2026/09/11 16:22:07.420, 0, 86933, 97871, 0, 119.64
2026/09/11 16:22:07.420, 1, 86933, 97871, 0, 122.66
2026/09/11 16:22:07.420, 2, 86933, 97871, 0, 120.25
2026/09/11 16:22:07.420, 3, 86933, 97871, 0, 120.80
2026/09/11 16:22:07.620, 0, 86933, 97871, 0, 119.53
2026/09/11 16:22:07.620, 1, 86933, 97871, 0, 122.62
2026/09/11 16:22:07.620, 2, 86933, 97871, 0, 120.21
2026/09/11 16:22:07.620, 3, 86933, 97871, 0, 120.69
2026/09/11 16:22:07.820, 0, 86933, 97871, 0, 119.52
2026/09/11 16:22:07.820, 1, 86933, 97871, 0, 122.65
2026/09/11 16:22:07.820, 2, 86933, 97871, 0, 120.21
2026/09/11 16:22:07.820, 3, 86933, 97871, 0, 120.72
2026/09/11 16:22:08.020, 0, 86933, 97871, 0, 119.52
2026/09/11 16:22:08.025, 1, 86933, 97871, 0, 122.60
2026/09/11 16:22:08.035, 2, 86933, 97871, 0, 120.20
2026/09/11 16:22:08.044, 3, 86931, 97871, 0, 120.77
2026/09/11 16:22:08.250, 0, 598, 97871, 6, 120.27
2026/09/11 16:22:08.272, 1, 4, 97871, 100, 130.83
2026/09/11 16:22:08.653, 2, 4, 97871, 0, 125.15
2026/09/11 16:22:08.653, 3, 4, 97871, 0, 125.75
2026/09/11 16:22:08.853, 0, 4, 97871, 0, 128.24
2026/09/11 16:22:08.853, 1, 4, 97871, 0, 131.48
2026/09/11 16:22:08.853, 2, 4, 97871, 100, 128.71
2026/09/11 16:22:08.853, 3, 4, 97871, 66, 129.85
2026/09/11 16:22:09.053, 0, 4, 97871, 0, 128.57
2026/09/11 16:22:09.053, 1, 4, 97871, 0, 131.97
2026/09/11 16:22:09.053, 2, 4, 97871, 0, 129.18
2026/09/11 16:22:09.053, 3, 4, 97871, 50, 130.19
2026/09/11 16:22:09.253, 0, 4, 97871, 0, 128.24
2026/09/11 16:22:09.254, 1, 4, 97871, 0, 132.16
2026/09/11 16:22:09.254, 2, 4, 97871, 0, 129.41
2026/09/11 16:22:09.254, 3, 4, 97871, 0, 130.18
2026/09/11 16:22:09.454, 0, 4, 97871, 0, 122.17
2026/09/11 16:22:09.454, 1, 4, 97871, 0, 130.47
2026/09/11 16:22:09.454, 2, 4, 97871, 0, 129.39
2026/09/11 16:22:09.454, 3, 4, 97871, 0, 130.09
2026/09/11 16:22:09.654, 0, 4, 97871, 0, 121.85
2026/09/11 16:22:09.654, 1, 4, 97871, 0, 124.99
2026/09/11 16:22:09.654, 2, 4, 97871, 0, 126.15
2026/09/11 16:22:09.654, 3, 4, 97871, 0, 126.71
2026/09/11 16:22:09.854, 0, 4, 97871, 0, 121.81
2026/09/11 16:22:09.854, 1, 4, 97871, 0, 124.96
2026/09/11 16:22:09.854, 2, 4, 97871, 0, 122.45
2026/09/11 16:22:09.854, 3, 4, 97871, 0, 123.22
2026/09/11 16:22:10.054, 0, 4, 97871, 0, 121.78
2026/09/11 16:22:10.054, 1, 4, 97871, 0, 124.95
2026/09/11 16:22:10.054, 2, 4, 97871, 0, 122.44
2026/09/11 16:22:10.054, 3, 4, 97871, 0, 123.17
2026/09/11 16:22:10.255, 0, 4, 97871, 0, 121.82
2026/09/11 16:22:10.255, 1, 4, 97871, 0, 124.92
2026/09/11 16:22:10.255, 2, 4, 97871, 0, 122.41
2026/09/11 16:22:10.255, 3, 4, 97871, 0, 123.10
2026/09/11 16:22:10.455, 0, 0, 97871, 0, 113.03
2026/09/11 16:22:10.455, 1, 0, 97871, 0, 121.10
2026/09/11 16:22:10.455, 2, 3, 97871, 0, 122.42
2026/09/11 16:22:10.455, 3, 4, 97871, 0, 123.17
2026/09/11 16:22:10.655, 0, 0, 97871, 0, 103.91
2026/09/11 16:22:10.656, 1, 0, 97871, 0, 111.43
2026/09/11 16:22:10.656, 2, 0, 97871, 0, 115.82
2026/09/11 16:22:10.656, 3, 0, 97871, 0, 116.68
2026/09/11 16:22:10.856, 0, 0, 97871, 0, 94.57
2026/09/11 16:22:10.856, 1, 0, 97871, 0, 101.71
2026/09/11 16:22:10.856, 2, 0, 97871, 0, 106.43
2026/09/11 16:22:10.856, 3, 0, 97871, 0, 107.02
