layer,expert,loss_fn,beta_work,num_score_tokens,reference_active_batch_count,base_loss_at_identity,base_loss_at_work,gradient_at_identity,gradient_at_work,first_order_signed,first_order_abs,hessian_half_at_identity,reference_removal_at_identity,true_removal_at_identity,removal_loss_at_identity,true_removal_delta_at_work,removal_loss_at_work
0,0,kl_div,0.95,4096,2,9.212028045060322e-19,4.515492264654887e-08,-1.692103722913721e-23,-4.557257238246848e-09,4.329394376334505e-09,4.329394376334505e-09,3.946882998207002e-08,3.907872780928301e-08,3.946906734021471e-08,3.9469067341135914e-08,3.9950308791318696e-08,8.510523143786757e-08
0,1,kl_div,0.95,4096,2,9.212028045060322e-19,4.515492264654887e-08,2.984786185813965e-23,-2.5318840357613226e-08,2.4052898339732565e-08,2.4052898339732565e-08,1.4977132423155126e-07,1.5012797405233869e-07,1.4977038176988643e-07,1.4977038177080763e-07,1.5923461537523185e-07,2.0438953802178072e-07
0,2,kl_div,0.95,4096,2,9.212028045060322e-19,4.515492264654887e-08,-6.659857218132524e-23,-2.097758766694824e-08,1.9928708283600827e-08,1.9928708283600827e-08,1.0701042896243962e-07,1.0684268403338137e-07,1.0729894294663803e-07,1.0729894294755923e-07,1.1689071167195653e-07,1.620456343185054e-07
0,3,kl_div,0.95,4096,2,9.212028045060322e-19,4.515492264654887e-08,-2.7849205446393503e-23,-1.3323169234524812e-08,1.2657010772798571e-08,1.2657010772798571e-08,8.572295229214433e-08,9.100257614136353e-08,8.571599272853237e-08,8.571599272945357e-08,9.001552142190315e-08,1.3517044406845202e-07
0,4,kl_div,0.95,4096,2,9.212028045060322e-19,4.515492264654887e-08,-5.98869625323666e-23,-1.15001106415491e-08,1.0925105109471644e-08,1.0925105109471644e-08,8.94635334702798e-08,8.978207688414841e-08,8.944808191514077e-08,8.944808191606197e-08,9.164934664726315e-08,1.3680426929381202e-07
0,5,kl_div,0.95,4096,2,9.212028045060322e-19,4.515492264654887e-08,-3.331310693372209e-23,-5.320863971647327e-09,5.054820773064961e-09,5.054820773064961e-09,3.9864161749392224e-08,3.933502057407168e-08,3.9864081232647824e-08,3.9864081233569026e-08,4.103214225719379e-08,8.618706490374266e-08
0,6,kl_div,0.95,4096,2,9.212028045060322e-19,4.515492264654887e-08,-3.5966472142869174e-23,-3.453333285996507e-09,3.2806666216966817e-09,3.2806666216966817e-09,2.2108423536337796e-08,2.259486642230968e-08,2.2108863036453564e-08,2.2108863037374765e-08,2.3234594802258325e-08,6.83895174488072e-08
0,7,kl_div,0.95,4096,2,9.212028045060322e-19,4.515492264654887e-08,-5.366825210965177e-23,-1.8655202715933683e-08,1.7722442580136998e-08,1.7722442580136998e-08,1.2450220765458653e-07,1.2515849334704399e-07,1.2456171764452725e-07,1.2456171764544846e-07,1.3016294727288902e-07,1.753178699194379e-07
0,8,kl_div,0.95,4096,2,9.212028045060322e-19,4.515492264654887e-08,-5.276997304143298e-23,-1.0667188909962988e-08,1.0133829464464839e-08,1.0133829464464839e-08,7.908275279078225e-08,7.876775498516508e-08,7.907671690233087e-08,7.907671690325208e-08,8.149731119213931e-08,1.2665223383868818e-07
0,9,kl_div,0.95,4096,2,9.212028045060322e-19,4.515492264654887e-08,3.161930976310313e-23,-9.536290090927935e-10,9.059475586381538e-10,9.059475586381538e-10,7.572410254397255e-09,7.841196136837425e-09,7.572599121581374e-09,7.572599122502577e-09,7.740257551870193e-09,5.289518019841906e-08
0,10,kl_div,0.95,4096,2,9.212028045060322e-19,4.515492264654887e-08,-9.252169957469655e-23,-5.42854672325177e-09,5.157119387089182e-09,5.157119387089182e-09,4.1309206721962255e-08,4.216901317022348e-08,4.1312248773767634e-08,4.1312248774688835e-08,4.244448525258086e-08,8.759940789912973e-08
0,11,kl_div,0.95,4096,2,9.212028045060322e-19,4.515492264654887e-08,1.982556470645399e-23,-3.2761477974929676e-09,3.112340407618319e-09,3.112340407618319e-09,2.319486824831074e-08,2.3646247626629702e-08,2.3197429317024262e-08,2.3197429317945464e-08,2.4049115791548963e-08,6.920403843809784e-08
0,12,kl_div,0.95,4096,2,9.212028045060322e-19,4.515492264654887e-08,-3.8691689958707406e-23,-8.35221625195004e-09,7.934605439352538e-09,7.934605439352538e-09,5.220657683935315e-08,5.324563545627825e-08,5.220599517843521e-08,5.2205995179356414e-08,5.5051723679822784e-08,1.0020664632637165e-07
0,13,kl_div,0.95,4096,2,9.212028045060322e-19,4.515492264654887e-08,-9.948056663034405e-24,-2.392922127114616e-08,2.273276020758885e-08,2.273276020758885e-08,1.8807284618560516e-07,1.8750306196579913e-07,1.8799617258767294e-07,1.8799617258859414e-07,1.9237887712557084e-07,2.375337997721197e-07
0,14,kl_div,0.95,4096,2,9.212028045060322e-19,4.515492264654887e-08,-3.031274390047363e-23,-1.3812800681023418e-08,1.3122160646972247e-08,1.3122160646972247e-08,8.30201329904412e-08,8.558575359529641e-08,8.302144346340842e-08,8.302144346432962e-08,8.80509153772638e-08,1.3320583802381267e-07
0,15,kl_div,0.95,4096,2,9.212028045060322e-19,4.515492264654887e-08,-9.458335362947274e-24,-1.6970943539362793e-09,1.6122396362394651e-09,1.6122396362394651e-09,1.2202319155107944e-08,1.1497695240336725e-08,1.2202339939495123e-08,1.2202339940416326e-08,1.2624881953945387e-08,5.7779804600494256e-08
0,16,kl_div,0.95,4096,2,9.212028045060322e-19,4.515492264654887e-08,2.034814293099057e-22,-6.52867626627085e-08,6.202242452957307e-08,6.202242452957307e-08,3.5923275731875037e-07,3.615213870489242e-07,3.6133281701343815e-07,3.6133281701435935e-07,3.888891810077058e-07,4.340441036542547e-07
0,17,kl_div,0.95,4096,2,9.212028045060322e-19,4.515492264654887e-08,7.644409585934264e-23,-1.4660416880474259e-08,1.3927396036450544e-08,1.3927396036450544e-08,7.987748062987521e-08,7.9506548900099e-08,7.989469686865492e-08,7.989469686957612e-08,8.604081266189254e-08,1.311957353084414e-07
0,18,kl_div,0.95,4096,2,9.212028045060322e-19,4.515492264654887e-08,3.8744228094995126e-23,-6.5333922716348525e-09,6.206722658053109e-09,6.206722658053109e-09,5.5604544968446135e-08,5.5160889189664886e-08,5.55925818781157e-08,5.55925818790369e-08,5.637707029997562e-08,1.015319929465245e-07
0,19,kl_div,0.95,4096,2,9.212028045060322e-19,4.515492264654887e-08,-2.5538581367903226e-23,-2.2945489952519438e-08,2.1798215454893466e-08,2.1798215454893466e-08,1.8540910673436883e-07,1.8482732855318318e-07,1.854147713277629e-07,1.854147713286841e-07,1.8913493857138727e-07,2.3428986121793614e-07
0,20,kl_div,0.95,4096,2,9.212028045060322e-19,4.515492264654887e-08,-4.25852928167121e-23,-4.829524113958428e-09,4.588047908260506e-09,4.588047908260506e-09,3.281592952930623e-08,3.230913847573902e-08,3.2819597571491435e-08,3.2819597572412636e-08,3.421098109463519e-08,7.936590374118406e-08
0,21,kl_div,0.95,4096,2,9.212028045060322e-19,4.515492264654887e-08,-5.471759961894219e-23,-4.36422311622664e-08,4.1460119604153076e-08,4.1460119604153076e-08,2.45963832412599e-07,2.479720535575325e-07,2.46422925594775e-07,2.464229255956962e-07,2.640091314082248e-07,3.091640540547737e-07
0,22,kl_div,0.95,4096,2,9.212028045060322e-19,4.515492264654887e-08,-6.68629352478829e-24,-4.991880908633561e-09,4.742286863201883e-09,4.742286863201883e-09,4.0700605552501656e-08,4.145091736518225e-08,4.0700582754728744e-08,4.0700582755649945e-08,4.147444848387672e-08,8.662937113042559e-08
0,23,kl_div,0.95,4096,2,9.212028045060322e-19,4.515492264654887e-08,9.02159001695026e-23,-1.1076604966575587e-08,1.0522774718246807e-08,1.0522774718246807e-08,6.142444419765525e-08,6.149615217054816e-08,6.142159700314327e-08,6.142159700406447e-08,6.595509258899887e-08,1.1111001523554773e-07
0,24,kl_div,0.95,4096,2,9.212028045060322e-19,4.515492264654887e-08,7.40298880331096e-23,-3.867618891817415e-09,3.6742379472265437e-09,3.6742379472265437e-09,2.622040717881191e-08,2.567788826013384e-08,2.6220676327255106e-08,2.6220676328176308e-08,2.733829722810263e-08,7.24932198746515e-08
0,25,kl_div,0.95,4096,2,9.212028045060322e-19,4.515492264654887e-08,4.170676051467281e-25,-3.0009814633302767e-09,2.8509323901637626e-09,2.8509323901637626e-09,2.0781278919912438e-08,2.1182994913715447e-08,2.0779953836908197e-08,2.0779953837829398e-08,2.160438602789044e-08,6.67593086744393e-08
0,26,kl_div,0.95,4096,2,9.212028045060322e-19,4.515492264654887e-08,1.873647675134125e-23,-8.51664405665531e-09,8.090811853822544e-09,8.090811853822544e-09,4.5822922345450934e-08,4.541505660426992e-08,4.581858096179697e-08,4.581858096271817e-08,4.944577492518822e-08,9.460069757173709e-08
0,27,kl_div,0.95,4096,2,9.212028045060322e-19,4.515492264654887e-08,-5.009141792586038e-23,-9.882422880025388e-09,9.388301736024117e-09,9.388301736024117e-09,5.584386641999117e-08,5.4984070629870985e-08,5.586618760855002e-08,5.5866187609471224e-08,5.982761495269403e-08,1.049825375992429e-07
0,28,kl_div,0.95,4096,2,9.212028045060322e-19,4.515492264654887e-08,-8.619547687693096e-23,-1.950813466322643e-08,1.8532727930065106e-08,1.8532727930065106e-08,1.0281124929178986e-07,1.0321669918766929e-07,1.0282117197151253e-07,1.0282117197243373e-07,1.1133800338603391e-07,1.5649292603258278e-07
0,29,kl_div,0.95,4096,2,9.212028045060322e-19,4.515492264654887e-08,-1.4182053396072418e-23,-5.534620761693532e-09,5.257889723608855e-09,5.257889723608855e-09,4.20315906524138e-08,4.220204274929529e-08,4.203100165945442e-08,4.203100166037562e-08,4.3190646149166756e-08,8.834556879571563e-08
0,30,kl_div,0.95,4096,2,9.212028045060322e-19,4.515492264654887e-08,5.260800885353843e-23,-8.897826031528666e-09,8.452934729952232e-09,8.452934729952232e-09,6.839911748102168e-08,6.735864133133873e-08,6.839451191867113e-08,6.839451191959233e-08,7.017983965077533e-08,1.153347622973242e-07
0,31,kl_div,0.95,4096,2,9.212028045060322e-19,4.515492264654887e-08,-2.636037642705631e-23,-1.3595233383512095e-08,1.291547171433649e-08,1.291547171433649e-08,8.281495667006311e-08,8.343676682898149e-08,8.285786975798525e-08,8.285786975890645e-08,8.772077926949654e-08,1.328757019160454e-07
0,32,kl_div,0.95,4096,2,9.212028045060322e-19,4.515492264654887e-08,-1.940834564001346e-23,-7.045874328426294e-09,6.693580612004979e-09,6.693580612004979e-09,3.889088873165747e-08,3.81476112920609e-08,3.889107321269704e-08,3.889107321361824e-08,4.179419918751699e-08,8.694912183406586e-08
0,33,kl_div,0.95,4096,2,9.212028045060322e-19,4.515492264654887e-08,-2.492577433743273e-22,-2.008062693903412e-08,1.9076595592082412e-08,1.9076595592082412e-08,1.2759559808728227e-07,1.2866912868503277e-07,1.2760294037135902e-07,1.2760294037228022e-07,1.3424127471622788e-07,1.7939619736277675e-07
0,34,kl_div,0.95,4096,2,9.212028045060322e-19,4.515492264654887e-08,-3.1147194655129177e-24,-2.755516081975884e-08,2.6177402778770895e-08,2.6177402778770895e-08,1.6115104983782658e-07,1.6141473224706715e-07,1.612696370968909e-07,1.612696370978121e-07,1.7176173267406827e-07,2.1691665532061714e-07
0,35,kl_div,0.95,4096,2,9.212028045060322e-19,4.515492264654887e-08,1.9119186939710705e-22,-5.599724062221867e-08,5.319737859110773e-08,5.319737859110773e-08,3.8223680576265906e-07,3.845322567030962e-07,3.8423935742571876e-07,3.8423935742663996e-07,4.004712074735853e-07,4.456261301201342e-07
0,36,kl_div,0.95,4096,2,9.212028045060322e-19,4.515492264654887e-08,8.149228184911605e-24,-2.112059249714804e-09,2.0064562872290636e-09,2.0064562872290636e-09,1.3250916808260627e-08,1.3100635243290526e-08,1.3250119085901679e-08,1.3250119086822882e-08,1.3964337667388469e-08,5.9119260313937335e-08
0,37,kl_div,0.95,4096,2,9.212028045060322e-19,4.515492264654887e-08,-1.0208039184985378e-22,-1.0953098872334976e-08,1.0405443928718227e-08,1.0405443928718227e-08,7.758733744367419e-08,7.785384781300309e-08,7.758321146589115e-08,7.758321146681235e-08,8.042246707336531e-08,1.2557738971991418e-07
0,38,kl_div,0.95,4096,2,9.212028045060322e-19,4.515492264654887e-08,-3.684944218193079e-23,-3.939322978929738e-09,3.742356829983251e-09,3.742356829983251e-09,2.4920964847297e-08,2.503659146668724e-08,2.4921564492323775e-08,2.4921564493244977e-08,2.6234309329108227e-08,7.138923197565709e-08
0,39,kl_div,0.95,4096,2,9.212028045060322e-19,4.515492264654887e-08,8.286661954097399e-23,-6.188455525801828e-09,5.8790327495117365e-09,5.8790327495117365e-09,4.426136257507096e-08,4.412304477341422e-08,4.426343179463155e-08,4.426343179555275e-08,4.582718313341561e-08,9.098210577996448e-08
0,40,kl_div,0.95,4096,2,9.212028045060322e-19,4.515492264654887e-08,-3.70661347784164e-23,-1.0548226292428353e-08,1.0020814977806936e-08,1.0020814977806936e-08,8.227036119023978e-08,8.25124004677491e-08,8.224532038438185e-08,8.224532038530305e-08,8.424077426993756e-08,1.2939569691648643e-07
0,41,kl_div,0.95,4096,2,9.212028045060322e-19,4.515492264654887e-08,1.3136982696179653e-23,-5.238624201098219e-09,4.976692991043308e-09,4.976692991043308e-09,2.5885404042469418e-08,2.4996767322704727e-08,2.5885927878612967e-08,2.5885927879534168e-08,2.8339318684495026e-08,7.34942413310439e-08
0,42,kl_div,0.95,4096,2,9.212028045060322e-19,4.515492264654887e-08,3.739870906972672e-23,-6.7673739945206535e-09,6.42900529479462e-09,6.42900529479462e-09,5.2756888635485666e-08,5.4066493504478785e-08,5.275661659685142e-08,5.275661659777262e-08,5.4041709163999904e-08,9.919663181054877e-08
0,43,kl_div,0.95,4096,2,9.212028045060322e-19,4.515492264654887e-08,-1.9819578041044267e-24,-3.2774001290647448e-09,3.1135301226115074e-09,3.1135301226115074e-09,1.3306790336287122e-08,1.2676841798509031e-08,1.3308153352114076e-08,1.3308153353035279e-08,1.512712120973768e-08,6.028204385628655e-08
0,44,kl_div,0.95,4096,2,9.212028045060322e-19,4.515492264654887e-08,-2.450092477722818e-23,-7.2056924871333194e-09,6.845407862776653e-09,6.845407862776653e-09,4.539142040016486e-08,4.5934879011610974e-08,4.539078312846886e-08,4.539078312939006e-08,4.781239399166504e-08,9.296731663821391e-08
0,45,kl_div,0.95,4096,2,9.212028045060322e-19,4.515492264654887e-08,2.9556740629676886e-23,-9.083897190009793e-09,8.629702330509302e-09,8.629702330509302e-09,5.21381764428952e-08,5.1564690295435867e-08,5.214470753305639e-08,5.2144707533977594e-08,5.56938421948575e-08,1.0084876484140637e-07
0,46,kl_div,0.95,4096,2,9.212028045060322e-19,4.515492264654887e-08,4.28020970370158e-23,-5.91582849374106e-09,5.620037069054006e-09,5.620037069054006e-09,4.5386340019604177e-08,4.52287061136758e-08,4.5385162035830736e-08,4.538516203675194e-08,4.657963557037699e-08,9.173455821692586e-08
0,47,kl_div,0.95,4096,2,9.212028045060322e-19,4.515492264654887e-08,2.8516750588444197e-23,-3.582399932255953e-09,3.4032799356431553e-09,3.4032799356431553e-09,3.086938349383672e-08,3.178602270281772e-08,3.086969252435416e-08,3.086969252527536e-08,3.126338099326671e-08,7.641830363981558e-08
0,48,kl_div,0.95,4096,2,9.212028045060322e-19,4.515492264654887e-08,-2.2610477204712106e-23,-2.412197774859237e-09,2.291587886116275e-09,2.291587886116275e-09,1.7798102547317285e-08,1.7691334619485133e-08,1.7797884492162883e-08,1.7797884493084085e-08,1.8354416547652895e-08,6.350933919420176e-08
0,49,kl_div,0.95,4096,2,9.212028045060322e-19,4.515492264654887e-08,-3.1994464399494563e-23,-7.3813617440521284e-09,7.0122936568495215e-09,7.0122936568495215e-09,4.5020705385923065e-08,4.612770965195523e-08,4.501271243377797e-08,4.501271243469917e-08,4.7633887363185283e-08,9.278881000973415e-08
0,50,kl_div,0.95,4096,2,9.212028045060322e-19,4.515492264654887e-08,6.996838086459404e-24,-1.6164721117206682e-08,1.5356485061346346e-08,1.5356485061346346e-08,7.090638831641627e-08,7.072530650020781e-08,7.102180668059992e-08,7.102180668152112e-08,7.95359896242535e-08,1.2469091227080238e-07
0,51,kl_div,0.95,4096,2,9.212028045060322e-19,4.515492264654887e-08,-4.613112634465011e-23,-6.591769130537273e-09,6.2621806740104085e-09,6.2621806740104085e-09,5.743674336144977e-08,5.8099352884255495e-08,5.7434612864860814e-08,5.7434612865782015e-08,5.809654753498543e-08,1.032514701815343e-07
0,52,kl_div,0.95,4096,2,9.212028045060322e-19,4.515492264654887e-08,2.3395572876832498e-23,-5.727115892639745e-09,5.440760098007757e-09,5.440760098007757e-09,4.791996133235443e-08,4.732202540935759e-08,4.7919858990302697e-08,4.79198589912239e-08,4.868830087950636e-08,9.384322352605523e-08
0,53,kl_div,0.95,4096,2,9.212028045060322e-19,4.515492264654887e-08,-1.9037726164966144e-24,-1.0170709607848494e-08,9.662174127456068e-09,9.662174127456068e-09,4.528903829736919e-08,4.5765609968384524e-08,4.529262818169316e-08,4.529262818261436e-08,5.054443488382755e-08,9.569935753037642e-08
0,54,kl_div,0.95,4096,2,9.212028045060322e-19,4.515492264654887e-08,1.1390299501613772e-23,-4.177946433259194e-09,3.969049111596234e-09,3.969049111596234e-09,2.6000208208643016e-08,2.5648283497048396e-08,2.5997329282124308e-08,2.599732928304551e-08,2.743015047314976e-08,7.258507311969863e-08
0,55,kl_div,0.95,4096,2,9.212028045060322e-19,4.515492264654887e-08,-1.3381946095356123e-23,-5.242934530969023e-09,4.980787804420572e-09,4.980787804420572e-09,3.929544334368984e-08,4.076318305124005e-08,3.9295526583758535e-08,3.9295526584679736e-08,4.0444587070396485e-08,8.559950971694535e-08
0,56,kl_div,0.95,4096,2,9.212028045060322e-19,4.515492264654887e-08,-4.1002607493454426e-23,-9.263295908112923e-09,8.800131112707276e-09,8.800131112707276e-09,6.611438152503979e-08,6.717222333918471e-08,6.610402179973573e-08,6.610402180065693e-08,6.845527282082876e-08,1.1361019546737763e-07
0,57,kl_div,0.95,4096,2,9.212028045060322e-19,4.515492264654887e-08,-7.86492389796131e-24,-2.4028961931321646e-08,2.2827513834755563e-08,2.2827513834755563e-08,1.0467472577602166e-07,1.0329316069146444e-07,1.0492276568045554e-07,1.0492276568137674e-07,1.1767624789734773e-07,1.628311705438966e-07
0,58,kl_div,0.95,4096,2,9.212028045060322e-19,4.515492264654887e-08,-6.021682945305019e-24,-5.408465675316165e-09,5.138042391550357e-09,5.138042391550357e-09,3.6410312986845383e-08,3.71928976505842e-08,3.640890247775986e-08,3.640890247868106e-08,3.799668939639631e-08,8.315161204294518e-08
0,59,kl_div,0.95,4096,2,9.212028045060322e-19,4.515492264654887e-08,2.3006186400849975e-23,-7.3832482350155715e-09,7.014085823264792e-09,7.014085823264792e-09,4.509104201133596e-08,4.401547215593382e-08,4.5095536694725035e-08,4.5095536695646236e-08,4.7716817606569466e-08,9.287174025311834e-08
0,60,kl_div,0.95,4096,2,9.212028045060322e-19,4.515492264654887e-08,-1.8165649111714273e-23,-2.9663905110055566e-08,2.8180709854552786e-08,2.8180709854552786e-08,1.9184838606634003e-07,1.8978465732288896e-07,1.9184503835917952e-07,1.9184503836010072e-07,2.0133441287941092e-07,2.4648933552595976e-07
0,61,kl_div,0.95,4096,2,9.212028045060322e-19,4.515492264654887e-08,-2.5351842214419308e-23,-1.2942913851787807e-08,1.2295768159198417e-08,1.2295768159198417e-08,6.004147223848122e-08,6.14280395438982e-08,6.004634727754968e-08,6.004634727847088e-08,6.649668177219856e-08,1.1165160441874743e-07
0,62,kl_div,0.95,4096,2,9.212028045060322e-19,4.515492264654887e-08,-7.862051734291491e-23,-1.4624266242435624e-08,1.3893052930313843e-08,1.3893052930313843e-08,8.832030573557859e-08,8.806506457403884e-08,8.831674016387329e-08,8.831674016479449e-08,9.361192267055566e-08,1.3876684531710453e-07
0,63,kl_div,0.95,4096,2,9.212028045060322e-19,4.515492264654887e-08,5.0625874344591236e-24,-2.9485130781381486e-08,2.801087424231241e-08,2.801087424231241e-08,1.5976854683685815e-07,1.5860109670029487e-07,1.598408723434112e-07,1.598408723443324e-07,1.723037247434534e-07,2.1745864739000227e-07
0,64,kl_div,0.95,4096,2,9.212028045060322e-19,4.515492264654887e-08,5.2580504429216996e-23,-3.163209072454265e-08,3.005048618831552e-08,3.005048618831552e-08,1.7838425492300303e-07,1.7846822686351516e-07,1.784940156586585e-07,1.784940156595797e-07,1.911834917750087e-07,2.3633841442155758e-07
0,65,kl_div,0.95,4096,2,9.212028045060322e-19,4.515492264654887e-08,-1.2493631918092088e-22,-2.0781441456563243e-08,1.974236938373508e-08,1.974236938373508e-08,1.3265648135529773e-07,1.3309312407727703e-07,1.3287731754290939e-07,1.3287731754383059e-07,1.3973708707658816e-07,1.8489200972313703e-07
0,66,kl_div,0.95,4096,2,9.212028045060322e-19,4.515492264654887e-08,-4.575035265203079e-23,-4.815520426859621e-09,4.5747444055166396e-09,4.5747444055166396e-09,3.9427376918865775e-08,4.0095834208386805e-08,3.9427801162292135e-08,3.9427801163213336e-08,4.0158735179967834e-08,8.53136578265167e-08
0,67,kl_div,0.95,4096,2,9.212028045060322e-19,4.515492264654887e-08,-1.0619662229936452e-22,-1.1720038717299985e-08,1.1134036781434986e-08,1.1134036781434986e-08,8.611957724724562e-08,8.662026829142633e-08,8.611253858189556e-08,8.611253858281676e-08,8.884928619776388e-08,1.3400420884431275e-07
0,68,kl_div,0.95,4096,2,9.212028045060322e-19,4.515492264654887e-08,-8.127581052811435e-23,-1.6960852722291975e-08,1.6112810086177376e-08,1.6112810086177376e-08,1.1685467171673736e-07,1.1655237841523558e-07,1.168976121516777e-07,1.168976121525989e-07,1.2162551235603043e-07,1.667804350025793e-07
0,69,kl_div,0.95,4096,2,9.212028045060322e-19,4.515492264654887e-08,-4.3583336757031473e-23,-7.709002103339913e-09,7.323551998172916e-09,7.323551998172916e-09,4.126890118527626e-08,4.072257553389136e-08,4.126403798840492e-08,4.1264037989326125e-08,4.456509073649299e-08,8.972001338304186e-08
0,70,kl_div,0.95,4096,2,9.212028045060322e-19,4.515492264654887e-08,-5.295092668903801e-23,-5.73118863478328e-09,5.444629203044115e-09,5.444629203044115e-09,5.140811509818377e-08,5.211349929368225e-08,5.140813809835442e-08,5.140813809927562e-08,5.184042604609388e-08,9.699534869264275e-08
0,71,kl_div,0.95,4096,2,9.212028045060322e-19,4.515492264654887e-08,1.2794527133170538e-24,-4.280754750674021e-09,4.066717013140319e-09,4.066717013140319e-09,2.3504512114413956e-08,2.272047083806683e-08,2.350901276742256e-08,2.350901276834376e-08,2.5286895422689994e-08,7.044181806923886e-08
0,72,kl_div,0.95,4096,2,9.212028045060322e-19,4.515492264654887e-08,1.4376153805093406e-23,-3.3903672091994963e-09,3.2208488487395212e-09,3.2208488487395212e-09,2.0516852217156156e-08,2.0928114352614102e-08,2.0514112874105924e-08,2.0514112875027125e-08,2.1733564755420264e-08,6.688848740196914e-08
0,73,kl_div,0.95,4096,2,9.212028045060322e-19,4.515492264654887e-08,-1.684208487429907e-23,-2.8548111652426655e-09,2.712070606980532e-09,2.712070606980532e-09,1.712809272191862e-08,1.6848865413976455e-08,1.712803568112772e-08,1.7128035682048923e-08,1.8171161127233682e-08,6.332608377378255e-08
0,74,kl_div,0.95,4096,2,9.212028045060322e-19,4.515492264654887e-08,1.374094367711727e-23,-5.537637237651438e-09,5.260755375768866e-09,5.260755375768866e-09,4.9158860093712065e-08,4.980683243616113e-08,4.9159058114979576e-08,4.915905811590078e-08,4.9626910206327475e-08,9.478183285287634e-08
0,75,kl_div,0.95,4096,2,9.212028045060322e-19,4.515492264654887e-08,-1.1900817147314791e-23,-2.367738360931071e-08,2.249351442884517e-08,2.249351442884517e-08,1.3790193520435423e-07,1.3952335109479463e-07,1.3793495141328e-07,1.379349514142012e-07,1.4701645962647237e-07,1.9217138227302123e-07
0,76,kl_div,0.95,4096,2,9.212028045060322e-19,4.515492264654887e-08,6.130294892457659e-24,-1.2943806027010396e-09,1.2296615725659875e-09,1.2296615725659875e-09,1.0582866138975078e-08,1.1081469963869495e-08,1.0583073656300937e-08,1.058307365722214e-08,1.0780939491805328e-08,5.59358621383542e-08
0,77,kl_div,0.95,4096,2,9.212028045060322e-19,4.515492264654887e-08,-2.840642444654451e-23,-8.520874228423736e-09,8.094830517002548e-09,8.094830517002548e-09,4.7028592575770745e-08,4.7221675458786194e-08,4.702571686254087e-08,4.7025716863462074e-08,5.053402336648716e-08,9.568894601303603e-08
0,78,kl_div,0.95,4096,2,9.212028045060322e-19,4.515492264654887e-08,-3.674946076751172e-23,-7.590923001288274e-09,7.21137685122386e-09,7.21137685122386e-09,4.686585342028593e-08,4.820694243790058e-08,4.686430950857032e-08,4.686430950949152e-08,4.950684572699958e-08,9.466176837354845e-08
0,79,kl_div,0.95,4096,2,9.212028045060322e-19,4.515492264654887e-08,-7.562789658502074e-23,-1.6123163248948913e-08,1.5317005086501465e-08,1.5317005086501465e-08,1.2302251661822083e-07,1.222436196712806e-07,1.2302294417981364e-07,1.2302294418073485e-07,1.2634481725081877e-07,1.7149973989736764e-07
0,80,kl_div,0.95,4096,2,9.212028045060322e-19,4.515492264654887e-08,4.367689329380797e-23,-8.292196262971174e-09,7.877586449822615e-09,7.877586449822615e-09,4.9854183004072183e-08,5.005720637996092e-08,4.9858168296861605e-08,4.9858168297782806e-08,5.288114522306903e-08,9.80360678696179e-08
0,81,kl_div,0.95,4096,2,9.212028045060322e-19,4.515492264654887e-08,-4.7393816552592124e-24,-2.1629197988204396e-08,2.0547738088794175e-08,2.0547738088794175e-08,1.2256998616066994e-07,1.2128857918014546e-07,1.2259017961143253e-07,1.2259017961235374e-07,1.3120654816307178e-07,1.7636147080962065e-07
0,82,kl_div,0.95,4096,2,9.212028045060322e-19,4.515492264654887e-08,-3.392223061485393e-23,-3.728601782881924e-08,3.5421716937378275e-08,3.5421716937378275e-08,2.721936880334397e-07,2.72921084842892e-07,2.7224126636784057e-07,2.7224126636876177e-07,2.811367761010213e-07,3.262916987475702e-07
0,83,kl_div,0.95,4096,2,9.212028045060322e-19,4.515492264654887e-08,2.6577780970508884e-23,-1.2228242418643731e-08,1.1616830297711543e-08,1.1616830297711543e-08,6.966891419324384e-08,7.057039397295739e-08,6.973023412726003e-08,6.973023412818124e-08,7.458403236735574e-08,1.197389550139046e-07
0,84,kl_div,0.95,4096,2,9.212028045060322e-19,4.515492264654887e-08,8.571279182168795e-23,-3.718905716709742e-08,3.532960430874254e-08,3.532960430874254e-08,2.0089188979000028e-07,2.015000859501015e-07,2.0099846921319143e-07,2.0099846921411264e-07,2.1681736314828307e-07,2.6197228579483193e-07
0,85,kl_div,0.95,4096,2,9.212028045060322e-19,4.515492264654887e-08,1.43885578539671e-23,-9.993596172819252e-09,9.493916364178289e-09,9.493916364178289e-09,8.523826977580029e-08,8.456677136337021e-08,8.524151710702273e-08,8.524151710794393e-08,8.642540612185421e-08,1.3158032876840308e-07
0,86,kl_div,0.95,4096,2,9.212028045060322e-19,4.515492264654887e-08,-4.9124582111812455e-23,-8.347336599712207e-09,7.929969769726597e-09,7.929969769726597e-09,6.133922170192818e-08,6.096261273569326e-08,6.134473596044345e-08,6.134473596136465e-08,6.329576002625138e-08,1.0845068267280025e-07
0,87,kl_div,0.95,4096,2,9.212028045060322e-19,4.515492264654887e-08,-1.4062652513863433e-22,-1.8116497635389806e-08,1.7210672753620313e-08,1.7210672753620313e-08,1.0093371827224473e-07,1.0139798689579038e-07,1.0094680253510039e-07,1.009468025360216e-07,1.0832686924434769e-07,1.5348179189089656e-07
0,88,kl_div,0.95,4096,2,9.212028045060322e-19,4.515492264654887e-08,-2.08719342658272e-24,-3.618928268167565e-09,3.4379818547591865e-09,3.4379818547591865e-09,2.8868480939081564e-08,2.913789742819972e-08,2.8869947463650012e-08,2.8869947464571214e-08,2.9493840945171182e-08,7.464876359172005e-08
0,89,kl_div,0.95,4096,2,9.212028045060322e-19,4.515492264654887e-08,-4.949485369920057e-23,-8.358515213302553e-09,7.940589452637424e-09,7.940589452637424e-09,7.762312037584707e-08,7.882492525368434e-08,7.762380133093168e-08,7.762380133185288e-08,7.799614709456134e-08,1.231510697411102e-07
0,90,kl_div,0.95,4096,2,9.212028045060322e-19,4.515492264654887e-08,-1.606055884707861e-23,-2.963219669638306e-09,2.815058686156391e-09,2.815058686156391e-09,1.7123541695696076e-08,1.6539731362286147e-08,1.7124532904896447e-08,1.712453290581765e-08,1.827147652647534e-08,6.342639917302421e-08
0,91,kl_div,0.95,4096,2,9.212028045060322e-19,4.515492264654887e-08,5.75699897013111e-23,-1.695008400304232e-08,1.6102579802890203e-08,1.6102579802890203e-08,1.0685110396480013e-07,1.0538183659036804e-07,1.0686680253673104e-07,1.0686680253765224e-07,1.1255832392590506e-07,1.5771324657245393e-07
0,92,kl_div,0.95,4096,2,9.212028045060322e-19,4.515492264654887e-08,-4.8545795654512704e-23,-4.674557629869014e-09,4.440829748375563e-09,4.440829748375563e-09,4.215273108343354e-08,4.173086409764437e-08,4.2152293846120464e-08,4.2152293847041666e-08,4.248319036180855e-08,8.763811300835742e-08
0,93,kl_div,0.95,4096,2,9.212028045060322e-19,4.515492264654887e-08,-4.2261140404425924e-24,-1.2956216544068866e-08,1.2308405716865422e-08,1.2308405716865422e-08,8.235043935655995e-08,8.06368092298726e-08,8.236008620938032e-08,8.236008621030152e-08,8.664412682661614e-08,1.31799049473165e-07
0,94,kl_div,0.95,4096,2,9.212028045060322e-19,4.515492264654887e-08,8.992438451058723e-24,-4.09957290337104e-09,3.894594258202488e-09,3.894594258202488e-09,3.465107667466327e-08,3.5221958682996046e-08,3.4651668890982216e-08,3.465166889190342e-08,3.516732284709862e-08,8.032224549364749e-08
0,95,kl_div,0.95,4096,2,9.212028045060322e-19,4.515492264654887e-08,2.296401823559184e-23,-6.443258815380659e-09,6.121095874611626e-09,6.121095874611626e-09,4.3240234504082764e-08,4.2928412824494444e-08,4.3242039839971664e-08,4.3242039840892865e-08,4.514824468326663e-08,9.03031673298155e-08
0,96,kl_div,0.95,4096,2,9.212028045060322e-19,4.515492264654887e-08,-1.8212168239295156e-23,-6.610006986207395e-09,6.279506636897025e-09,6.279506636897025e-09,4.1399985661882965e-08,4.1125783667439464e-08,4.138486400791027e-08,4.138486400883147e-08,4.362424872464101e-08,8.877917137118988e-08
0,97,kl_div,0.95,4096,2,9.212028045060322e-19,4.515492264654887e-08,2.771994585390761e-23,-7.571230753455893e-09,7.192669215783098e-09,7.192669215783098e-09,4.9149235792356194e-08,4.928944008497638e-08,4.915254545596428e-08,4.915254545688548e-08,5.155517262145581e-08,9.671009526800468e-08
0,98,kl_div,0.95,4096,2,9.212028045060322e-19,4.515492264654887e-08,-7.455103479064757e-23,-2.7794344603648824e-08,2.6404627373466383e-08,2.6404627373466383e-08,1.0676933470676886e-07,1.0635891811716647e-07,1.0692258987152722e-07,1.0692258987244842e-07,1.2301280794833566e-07,1.6816773059488453e-07
0,99,kl_div,0.95,4096,2,9.212028045060322e-19,4.515492264654887e-08,1.866450502665341e-23,-8.554260411131054e-09,8.1265473905745e-09,8.1265473905745e-09,5.722526807971917e-08,5.7470678882509674e-08,5.722321193806525e-08,5.7223211938986454e-08,5.976918871442654e-08,1.0492411136097541e-07
0,100,kl_div,0.95,4096,2,9.212028045060322e-19,4.515492264654887e-08,-2.435961139011051e-23,-1.3314841673661704e-08,1.2649099589978618e-08,1.2649099589978618e-08,6.780321371024911e-08,6.775670158276625e-08,6.780699859506189e-08,6.780699859598309e-08,7.385516322788133e-08,1.190100858744302e-07
0,101,kl_div,0.95,4096,2,9.212028045060322e-19,4.515492264654887e-08,1.2473710419222089e-23,-9.557124647230353e-09,9.079268414868836e-09,9.079268414868836e-09,7.645348887308501e-08,7.674449165051556e-08,7.64486784895922e-08,7.64486784905134e-08,7.807367214113103e-08,1.232285947876799e-07
0,102,kl_div,0.95,4096,2,9.212028045060322e-19,4.515492264654887e-08,3.7316894727524436e-23,-3.684955451888072e-08,3.5007076792936687e-08,3.5007076792936687e-08,2.6525256657805585e-07,2.644905521265173e-07,2.652157119467927e-07,2.652157119477139e-07,2.7436184357864933e-07,3.1951676622519823e-07
0,103,kl_div,0.95,4096,2,9.212028045060322e-19,4.515492264654887e-08,3.376737248599361e-24,-5.941082736882208e-09,5.6440286000380974e-09,5.6440286000380974e-09,3.0536554618265654e-08,3.093801836939747e-08,3.054582773673119e-08,3.054582773765239e-08,3.3220280804368664e-08,7.837520345091753e-08
0,104,kl_div,0.95,4096,2,9.212028045060322e-19,4.515492264654887e-08,1.4991922850490823e-24,-3.520313285321208e-08,3.3442976210551476e-08,3.3442976210551476e-08,2.0173349923879869e-07,2.0045762028075842e-07,2.0200645953104113e-07,2.0200645953196233e-07,2.1585438493347333e-07,2.6100930758002223e-07
0,105,kl_div,0.95,4096,2,9.212028045060322e-19,4.515492264654887e-08,-1.061250331722157e-22,-7.825249781490129e-09,7.433987292415622e-09,7.433987292415622e-09,5.362650412621406e-08,5.242171496888659e-08,5.362963345726791e-08,5.362963345818911e-08,5.5837022673725466e-08,1.0099194532027434e-07
0,106,kl_div,0.95,4096,2,9.212028045060322e-19,4.515492264654887e-08,-7.825966238815242e-23,-6.929102980279822e-08,6.582647831265831e-08,6.582647831265831e-08,4.6195881964194996e-07,4.682984808823676e-07,4.685980484373882e-07,4.685980484383094e-07,4.90149485389487e-07,5.353044080360359e-07
0,107,kl_div,0.95,4096,2,9.212028045060322e-19,4.515492264654887e-08,-1.2324653652344859e-22,-1.7507051364162862e-08,1.663169879595472e-08,1.663169879595472e-08,8.602605561236487e-08,8.439319287845137e-08,8.606169340408391e-08,8.606169340500512e-08,9.432946684303999e-08,1.3948438948958887e-07
0,108,kl_div,0.95,4096,2,9.212028045060322e-19,4.515492264654887e-08,-4.1795379571043524e-23,-9.497580943929052e-09,9.022701896732599e-09,9.022701896732599e-09,8.233610060415231e-08,8.16432716987947e-08,8.226436222415004e-08,8.226436222507124e-08,8.32548424339274e-08,1.2840976508047627e-07
0,109,kl_div,0.95,4096,2,9.212028045060322e-19,4.515492264654887e-08,3.5280769000502103e-23,-5.294443106151903e-09,5.029720950844307e-09,5.029720950844307e-09,4.994455338191983e-08,4.888034865757618e-08,4.9944298504261063e-08,4.9944298505182265e-08,5.010460842413515e-08,9.525953107068401e-08
0,110,kl_div,0.95,4096,2,9.212028045060322e-19,4.515492264654887e-08,-3.829334044511976e-23,-1.9106552784364794e-08,1.8151225145146554e-08,1.8151225145146554e-08,8.62886224695103e-08,8.573898924169043e-08,8.632561303170921e-08,8.632561303263041e-08,9.610448055975113e-08,1.412594032063e-07
0,111,kl_div,0.95,4096,2,9.212028045060322e-19,4.515492264654887e-08,2.089376401922693e-23,-1.055291365403832e-08,1.0025267971336405e-08,1.0025267971336405e-08,8.728105171940115e-08,8.633308823391417e-08,8.728085554749227e-08,8.728085554841347e-08,8.879634581899232e-08,1.339512684655412e-07
0,112,kl_div,0.95,4096,2,9.212028045060322e-19,4.515492264654887e-08,2.1262139579429343e-23,-1.2120693337891453e-08,1.151465867099688e-08,1.151465867099688e-08,9.327463601493946e-08,9.139425571902393e-08,9.327017850629176e-08,9.327017850721296e-08,9.569071694904232e-08,1.408456395955912e-07
0,113,kl_div,0.95,4096,2,9.212028045060322e-19,4.515492264654887e-08,-1.607873651961381e-23,-3.15605341860703e-09,2.9982507476766783e-09,2.9982507476766783e-09,2.6941652464529398e-08,2.742987526005436e-08,2.6938039710700217e-08,2.6938039711621418e-08,2.7308648599710702e-08,7.246357124625957e-08
0,114,kl_div,0.95,4096,2,9.212028045060322e-19,4.515492264654887e-08,1.338225848427459e-22,-6.364353311028026e-08,6.046135645476624e-08,6.046135645476624e-08,3.305815141629864e-07,3.3147091471619206e-07,3.323825035544902e-07,3.323825035554114e-07,3.611943429415967e-07,4.063492655881456e-07
0,115,kl_div,0.95,4096,2,9.212028045060322e-19,4.515492264654887e-08,-1.7500609628556833e-22,-6.596481938458965e-08,6.266657841536016e-08,6.266657841536016e-08,4.1331361444463255e-07,4.128785349166719e-07,4.137296162725102e-07,4.137296162734314e-07,4.3625298063428333e-07,4.814079032808322e-07
0,116,kl_div,0.95,4096,2,9.212028045060322e-19,4.515492264654887e-08,-1.2042097402274443e-23,-9.378778642599173e-09,8.909839710469213e-09,8.909839710469213e-09,7.109583322062463e-08,7.004282309708287e-08,7.10998220131772e-08,7.10998220140984e-08,7.307807786032464e-08,1.1823300050687351e-07
0,117,kl_div,0.95,4096,2,9.212028045060322e-19,4.515492264654887e-08,-2.3164563638208482e-23,-4.275125808916869e-09,4.061369518471025e-09,4.061369518471025e-09,3.6191455166090236e-08,3.5524095665095956e-08,3.619141416768773e-08,3.619141416860893e-08,3.672409726083677e-08,8.187901990738564e-08
0,118,kl_div,0.95,4096,2,9.212028045060322e-19,4.515492264654887e-08,-5.2850059778252827e-23,-3.976522000570526e-09,3.777695900541999e-09,3.777695900541999e-09,2.5182952612112786e-08,2.471820259586366e-08,2.5182389914537025e-08,2.5182389915458226e-08,2.6504882569356287e-08,7.165980521590515e-08
0,119,kl_div,0.95,4096,2,9.212028045060322e-19,4.515492264654887e-08,-1.281955295652777e-23,-7.361744991385422e-09,6.99365774181615e-09,6.99365774181615e-09,5.2978631259748e-08,5.321711782357852e-08,5.29832233549539e-08,5.29832233558751e-08,5.481170556107104e-08,9.996662820761991e-08
0,120,kl_div,0.95,4096,2,9.212028045060322e-19,4.515492264654887e-08,-6.179443766752186e-23,-3.154038452635177e-08,2.996336530003418e-08,2.996336530003418e-08,1.9754398294935527e-07,1.974735255316773e-07,1.9765267480948507e-07,1.9765267481040627e-07,2.0840164615034618e-07,2.5355656879689505e-07
0,121,kl_div,0.95,4096,2,9.212028045060322e-19,4.515492264654887e-08,3.37527903921606e-24,-1.230250401551558e-09,1.1687378814739801e-09,1.1687378814739801e-09,9.695479974425325e-09,9.999448380426657e-09,9.695445482405974e-09,9.695445483327177e-09,9.918820371899675e-09,5.5073743018448545e-08
0,122,kl_div,0.95,4096,2,9.212028045060322e-19,4.515492264654887e-08,-4.0959932485064685e-23,-8.420762309668817e-09,7.999724194185376e-09,7.999724194185376e-09,5.205438924349437e-08,5.122203106111556e-08,5.205540461196481e-08,5.205540461288601e-08,5.498113489187629e-08,1.0013605753842516e-07
0,123,kl_div,0.95,4096,2,9.212028045060322e-19,4.515492264654887e-08,-2.2482534221077026e-23,-2.960342748714595e-09,2.812325611278865e-09,2.812325611278865e-09,2.4399206211001e-08,2.45870523940539e-08,2.4399631714054834e-08,2.4399631714976036e-08,2.483319672516452e-08,6.99881193717134e-08
0,124,kl_div,0.95,4096,2,9.212028045060322e-19,4.515492264654887e-08,5.566662768691565e-23,-2.5609701914675043e-08,2.432921681894129e-08,2.432921681894129e-08,1.7898321402753936e-07,1.7983163047574635e-07,1.7898613071536187e-07,1.7898613071628307e-07,1.8586860439376643e-07,2.310235270403153e-07
0,125,kl_div,0.95,4096,2,9.212028045060322e-19,4.515492264654887e-08,-8.586292467372599e-23,-5.89277568963098e-08,5.598136905149431e-08,5.598136905149431e-08,4.105474999960279e-07,4.1047724153031595e-07,4.1059475948358125e-07,4.1059475948450245e-07,4.265715911912248e-07,4.717265138377737e-07
0,126,kl_div,0.95,4096,2,9.212028045060322e-19,4.515492264654887e-08,-8.610978133907499e-23,-2.808740351412098e-08,2.668303333841493e-08,2.668303333841493e-08,1.5761642657707853e-07,1.5782923412643868e-07,1.575821954278224e-07,1.575821954287436e-07,1.6890710988721218e-07,2.1406203253376105e-07
0,127,kl_div,0.95,4096,2,9.212028045060322e-19,4.515492264654887e-08,3.3912656998908165e-23,-9.52489331851325e-09,9.048648652587587e-09,9.048648652587587e-09,6.38730170976487e-08,6.326271773104963e-08,6.388480561595673e-08,6.388480561687794e-08,6.671996786556806e-08,1.1187489051211693e-07
