case_id,prune_ratio,layers,m,num_experts_per_layer,arithmetic_quantum,arithmetic_spread_lower_bound,spread,attempts,retries,elapsed_seconds,optimality_proven,stopped_reason,source_kind
grid-p30-l04-m04,0.3,4,4,128,128,128,1152.0,9,8,0.018522831000154838,True,feasible,reused
grid-p30-l04-m06,0.3,4,6,128,128,128,256.0,2,1,0.4356742130185012,True,feasible,computed
grid-p30-l04-m08,0.3,4,8,128,128,128,640.0,5,4,7.173330288002035,True,feasible,computed
grid-p30-l04-m12,0.3,4,12,128,128,128,,4,3,300.0104984870122,False,budget_or_unproven,computed
grid-p30-l04-m16,0.3,4,16,128,128,128,256.0,2,1,17.446571164007764,True,feasible,computed
grid-p30-l04-m24,0.3,4,24,128,128,128,512.0,4,3,285.33822937498917,True,feasible,computed
grid-p30-l04-m32,0.3,4,32,128,128,128,128.0,1,0,149.91408695298014,True,feasible,computed
grid-p30-l04-m48,0.3,4,48,128,128,128,,3,2,300.0571582200064,False,budget_or_unproven,computed
grid-p30-l04-m64,0.3,4,64,128,128,128,,2,1,300.1020585920196,False,budget_or_unproven,computed
grid-p30-l08-m04,0.3,8,4,128,128,0,0.0,1,0,0.3438101419887971,True,feasible,reused
grid-p30-l08-m06,0.3,8,6,128,128,128,128.0,1,0,1.9894560599932447,True,feasible,computed
grid-p30-l08-m08,0.3,8,8,128,128,128,128.0,1,0,3.8247386300063226,True,feasible,computed
grid-p30-l08-m12,0.3,8,12,128,128,128,128.0,1,0,3.1602436889952514,True,feasible,computed
grid-p30-l08-m16,0.3,8,16,128,128,128,128.0,1,0,4.663093051000033,True,feasible,computed
grid-p30-l08-m24,0.3,8,24,128,128,128,,1,0,300.0447607259848,False,budget_or_unproven,computed
grid-p30-l08-m32,0.3,8,32,128,128,128,,1,0,300.06366400499246,False,budget_or_unproven,computed
grid-p30-l08-m48,0.3,8,48,128,128,128,,2,1,300.10884711999097,False,budget_or_unproven,computed
grid-p30-l08-m64,0.3,8,64,128,128,128,,1,0,315.3698409629869,False,budget_or_unproven,computed
grid-p30-l12-m04,0.3,12,4,128,128,128,128.0,1,0,0.5801664360042196,True,feasible,reused
grid-p30-l12-m06,0.3,12,6,128,128,128,128.0,1,0,4.730980513995746,True,feasible,computed
grid-p30-l12-m08,0.3,12,8,128,128,128,128.0,1,0,3.577863576996606,True,feasible,computed
grid-p30-l12-m12,0.3,12,12,128,128,128,128.0,1,0,15.737239768001018,True,feasible,computed
grid-p30-l12-m16,0.3,12,16,128,128,128,128.0,1,0,287.8265887689777,True,feasible,computed
grid-p30-l12-m24,0.3,12,24,128,128,128,128.0,1,0,97.71474927099189,True,feasible,computed
grid-p30-l12-m32,0.3,12,32,128,128,128,,1,0,300.1235175149923,False,budget_or_unproven,computed
grid-p30-l12-m48,0.3,12,48,128,128,128,,1,0,300.18424168397905,False,budget_or_unproven,computed
grid-p30-l12-m64,0.3,12,64,128,128,128,,1,0,334.58945976401446,False,budget_or_unproven,computed
grid-p30-l16-m04,0.3,16,4,128,128,128,128.0,1,0,0.6860553169972263,True,feasible,reused
grid-p30-l16-m06,0.3,16,6,128,128,128,128.0,1,0,1.0210934189963154,True,feasible,computed
grid-p30-l16-m08,0.3,16,8,128,128,128,128.0,1,0,7.9065364329726435,True,feasible,computed
grid-p30-l16-m12,0.3,16,12,128,128,128,128.0,1,0,168.72337994500413,True,feasible,computed
grid-p30-l16-m16,0.3,16,16,128,128,128,128.0,1,0,51.42129147099331,True,feasible,computed
grid-p30-l16-m24,0.3,16,24,128,128,128,,1,0,300.0529687529779,False,budget_or_unproven,computed
grid-p30-l16-m32,0.3,16,32,128,128,128,128.0,1,0,94.60671559799812,True,feasible,computed
grid-p30-l16-m48,0.3,16,48,128,128,128,,1,0,334.0206335510011,False,budget_or_unproven,computed
grid-p30-l16-m64,0.3,16,64,128,128,128,,1,0,474.5519046729896,False,budget_or_unproven,computed
grid-p30-l24-m04,0.3,24,4,128,128,128,128.0,1,0,0.0985739919997286,True,feasible,reused
grid-p30-l24-m06,0.3,24,6,128,128,0,0.0,1,0,2.8858536850020755,True,feasible,computed
grid-p30-l24-m08,0.3,24,8,128,128,128,128.0,1,0,6.380846431013197,True,feasible,computed
grid-p30-l24-m12,0.3,24,12,128,128,128,128.0,1,0,20.450912650994724,True,feasible,computed
grid-p30-l24-m16,0.3,24,16,128,128,128,128.0,1,0,13.530722611001693,True,feasible,computed
grid-p30-l24-m24,0.3,24,24,128,128,128,128.0,1,0,132.17615485200076,True,feasible,computed
grid-p30-l24-m32,0.3,24,32,128,128,128,,1,0,302.39364577800734,False,budget_or_unproven,computed
grid-p30-l24-m48,0.3,24,48,128,128,128,,1,0,507.45362818901776,False,budget_or_unproven,computed
grid-p30-l24-m64,0.3,24,64,128,128,128,,1,0,389.5341482239892,False,budget_or_unproven,computed
grid-p30-l32-m04,0.3,32,4,128,128,128,128.0,1,0,0.10874494299059734,True,feasible,reused
grid-p30-l32-m06,0.3,32,6,128,128,0,0.0,1,0,1.7940957179816905,True,feasible,computed
grid-p30-l32-m08,0.3,32,8,128,128,128,128.0,1,0,0.8324383650033269,True,feasible,computed
grid-p30-l32-m12,0.3,32,12,128,128,128,128.0,1,0,8.47272215000703,True,feasible,computed
grid-p30-l32-m16,0.3,32,16,128,128,128,128.0,1,0,81.18619204798597,True,feasible,computed
grid-p30-l32-m24,0.3,32,24,128,128,128,128.0,1,0,236.942801925994,True,feasible,computed
grid-p30-l32-m32,0.3,32,32,128,128,128,,1,0,300.2084721130086,False,budget_or_unproven,computed
grid-p30-l32-m48,0.3,32,48,128,128,128,,1,0,389.3673840809788,False,budget_or_unproven,computed
grid-p30-l32-m64,0.3,32,64,128,128,128,,1,0,538.8889798739983,False,budget_or_unproven,computed
grid-p30-l40-m04,0.3,40,4,128,128,0,0.0,1,0,0.3055312020005658,True,feasible,computed
grid-p30-l40-m06,0.3,40,6,128,128,128,128.0,1,0,0.3927799969969783,True,feasible,computed
grid-p30-l40-m08,0.3,40,8,128,128,128,128.0,1,0,0.4907140220166184,True,feasible,computed
grid-p30-l40-m12,0.3,40,12,128,128,128,128.0,1,0,111.76858193200314,True,feasible,computed
grid-p30-l40-m16,0.3,40,16,128,128,128,,1,0,300.0676156760019,False,budget_or_unproven,computed
grid-p30-l40-m24,0.3,40,24,128,128,128,128.0,1,0,201.58818725400488,True,feasible,computed
grid-p30-l40-m32,0.3,40,32,128,128,128,,1,0,300.2433238029771,False,budget_or_unproven,computed
grid-p30-l40-m48,0.3,40,48,128,128,128,,1,0,640.3332492079935,False,budget_or_unproven,computed
grid-p30-l40-m64,0.3,40,64,128,128,128,,1,0,681.6873770480161,False,budget_or_unproven,computed
grid-p30-l48-m04,0.3,48,4,128,128,128,128.0,1,0,0.36825374502222985,True,feasible,reused
grid-p30-l48-m06,0.3,48,6,128,128,128,128.0,1,0,1.383900190005079,True,feasible,computed
grid-p30-l48-m08,0.3,48,8,128,128,128,128.0,1,0,2.131989112996962,True,feasible,computed
grid-p30-l48-m12,0.3,48,12,128,128,128,128.0,1,0,11.647682668990456,True,feasible,computed
grid-p30-l48-m16,0.3,48,16,128,128,128,128.0,1,0,35.055972078000195,True,feasible,computed
grid-p30-l48-m24,0.3,48,24,128,128,128,,1,0,300.2537211450108,False,budget_or_unproven,computed
grid-p30-l48-m32,0.3,48,32,128,128,128,,1,0,300.3052932980063,False,budget_or_unproven,computed
grid-p30-l48-m48,0.3,48,48,128,128,128,,1,0,300.59691114298766,False,budget_or_unproven,computed
grid-p30-l48-m64,0.3,48,64,128,128,128,,1,0,876.5432346260059,False,budget_or_unproven,computed
grid-p50-l04-m04,0.5,4,4,128,128,0,896.0,8,7,0.23241275298641995,True,feasible,reused
grid-p50-l04-m06,0.5,4,6,128,128,128,512.0,4,3,0.9711007299774792,True,feasible,computed
grid-p50-l04-m08,0.5,4,8,128,128,128,384.0,3,2,3.7847218379902188,True,feasible,computed
grid-p50-l04-m12,0.5,4,12,128,128,128,128.0,1,0,0.8867777709965594,True,feasible,computed
grid-p50-l04-m16,0.5,4,16,128,128,128,256.0,2,1,29.89448966999771,True,feasible,computed
grid-p50-l04-m24,0.5,4,24,128,128,128,,2,1,300.0246674559894,False,budget_or_unproven,computed
grid-p50-l04-m32,0.5,4,32,128,128,128,128.0,1,0,5.912045779987238,True,feasible,computed
grid-p50-l04-m48,0.5,4,48,128,128,128,,1,0,300.05325217702193,False,budget_or_unproven,computed
grid-p50-l04-m64,0.5,4,64,128,128,128,128.0,1,0,7.221030963002704,True,feasible,computed
grid-p50-l08-m04,0.5,8,4,128,128,128,128.0,1,0,0.42988246300956234,True,feasible,reused
grid-p50-l08-m06,0.5,8,6,128,128,128,128.0,1,0,1.1347007040167227,True,feasible,computed
grid-p50-l08-m08,0.5,8,8,128,128,128,128.0,1,0,10.616574349987786,True,feasible,computed
grid-p50-l08-m12,0.5,8,12,128,128,128,128.0,1,0,23.60436815902358,True,feasible,computed
grid-p50-l08-m16,0.5,8,16,128,128,128,128.0,1,0,39.61539930998697,True,feasible,computed
grid-p50-l08-m24,0.5,8,24,128,128,128,128.0,1,0,117.77022421799484,True,feasible,computed
grid-p50-l08-m32,0.5,8,32,128,128,128,,2,1,300.051737538015,False,budget_or_unproven,computed
grid-p50-l08-m48,0.5,8,48,128,128,128,128.0,1,0,95.13562449801248,True,feasible,computed
grid-p50-l08-m64,0.5,8,64,128,128,128,128.0,1,0,0.680593539000256,True,feasible,computed
grid-p50-l12-m04,0.5,12,4,128,128,128,128.0,1,0,0.12490162998437881,True,feasible,reused
grid-p50-l12-m06,0.5,12,6,128,128,128,128.0,1,0,3.9308977930049878,True,feasible,computed
grid-p50-l12-m08,0.5,12,8,128,128,128,128.0,1,0,0.6633620880020317,True,feasible,computed
grid-p50-l12-m12,0.5,12,12,128,128,128,128.0,1,0,1.9003870869928505,True,feasible,computed
grid-p50-l12-m16,0.5,12,16,128,128,128,128.0,1,0,46.38001811000868,True,feasible,computed
grid-p50-l12-m24,0.5,12,24,128,128,128,128.0,1,0,7.6302115749858785,True,feasible,computed
grid-p50-l12-m32,0.5,12,32,128,128,128,128.0,1,0,203.34275926000555,True,feasible,computed
grid-p50-l12-m48,0.5,12,48,128,128,128,,1,0,302.12146614299854,False,budget_or_unproven,computed
grid-p50-l12-m64,0.5,12,64,128,128,128,128.0,1,0,1.415342417982174,True,feasible,computed
grid-p50-l16-m04,0.5,16,4,128,128,128,128.0,1,0,0.2886633449816145,True,feasible,reused
grid-p50-l16-m06,0.5,16,6,128,128,128,128.0,1,0,0.11421003099530935,True,feasible,computed
grid-p50-l16-m08,0.5,16,8,128,128,128,128.0,1,0,10.41258593701059,True,feasible,computed
grid-p50-l16-m12,0.5,16,12,128,128,128,128.0,1,0,10.699208236008417,True,feasible,computed
grid-p50-l16-m16,0.5,16,16,128,128,128,128.0,1,0,5.091526566015091,True,feasible,computed
grid-p50-l16-m24,0.5,16,24,128,128,128,,1,0,300.0768113390077,False,budget_or_unproven,computed
grid-p50-l16-m32,0.5,16,32,128,128,128,,1,0,300.1050289400155,False,budget_or_unproven,computed
grid-p50-l16-m48,0.5,16,48,128,128,128,128.0,1,0,1.3789442800043616,True,feasible,computed
grid-p50-l16-m64,0.5,16,64,128,128,128,,1,0,491.6895672309911,False,budget_or_unproven,computed
grid-p50-l24-m04,0.5,24,4,128,128,128,128.0,1,0,0.4209709099959582,True,feasible,reused
grid-p50-l24-m06,0.5,24,6,128,128,128,128.0,1,0,0.6311697020137217,True,feasible,computed
grid-p50-l24-m08,0.5,24,8,128,128,128,128.0,1,0,2.093644207023317,True,feasible,computed
grid-p50-l24-m12,0.5,24,12,128,128,128,128.0,1,0,33.71841056301491,True,feasible,computed
grid-p50-l24-m16,0.5,24,16,128,128,128,128.0,1,0,7.785368987999391,True,feasible,computed
grid-p50-l24-m24,0.5,24,24,128,128,128,128.0,1,0,92.35058381900308,True,feasible,computed
grid-p50-l24-m32,0.5,24,32,128,128,128,,1,0,300.16749796801014,False,budget_or_unproven,computed
grid-p50-l24-m48,0.5,24,48,128,128,128,,1,0,509.704436414002,False,budget_or_unproven,computed
grid-p50-l24-m64,0.5,24,64,128,128,128,,1,0,385.5405603800027,False,budget_or_unproven,computed
grid-p50-l32-m04,0.5,32,4,128,128,0,0.0,1,0,0.10711574202287011,True,feasible,reused
grid-p50-l32-m06,0.5,32,6,128,128,0,0.0,1,0,0.35811470399494283,True,feasible,computed
grid-p50-l32-m08,0.5,32,8,128,128,128,128.0,1,0,0.45171205801307224,True,feasible,computed
grid-p50-l32-m12,0.5,32,12,128,128,0,0.0,1,0,5.096053518995177,True,feasible,computed
grid-p50-l32-m16,0.5,32,16,128,128,128,128.0,1,0,177.05261348301428,True,feasible,computed
grid-p50-l32-m24,0.5,32,24,128,128,128,128.0,1,0,223.9399770279997,True,feasible,computed
grid-p50-l32-m32,0.5,32,32,128,128,128,,1,0,301.63794366500224,False,budget_or_unproven,computed
grid-p50-l32-m48,0.5,32,48,128,128,128,128.0,1,0,56.21828377599013,True,feasible,computed
grid-p50-l32-m64,0.5,32,64,128,128,128,128.0,1,0,76.33700482698623,True,feasible,computed
grid-p50-l40-m04,0.5,40,4,128,128,128,128.0,1,0,0.11812271698727272,True,feasible,computed
grid-p50-l40-m06,0.5,40,6,128,128,128,128.0,1,0,0.25532075500814244,True,feasible,computed
grid-p50-l40-m08,0.5,40,8,128,128,128,128.0,1,0,0.46731212400482036,True,feasible,computed
grid-p50-l40-m12,0.5,40,12,128,128,128,,1,0,300.12896808199,False,budget_or_unproven,computed
grid-p50-l40-m16,0.5,40,16,128,128,128,,1,0,300.09027317599976,False,budget_or_unproven,computed
grid-p50-l40-m24,0.5,40,24,128,128,128,,1,0,300.5190196369949,False,budget_or_unproven,computed
grid-p50-l40-m32,0.5,40,32,128,128,128,,1,0,301.0874251219793,False,budget_or_unproven,computed
grid-p50-l40-m48,0.5,40,48,128,128,128,,1,0,459.3292130769987,False,budget_or_unproven,computed
grid-p50-l40-m64,0.5,40,64,128,128,128,128.0,1,0,97.79362496797694,True,feasible,computed
grid-p50-l48-m04,0.5,48,4,128,128,0,0.0,1,0,0.3334381289896555,True,feasible,reused
grid-p50-l48-m06,0.5,48,6,128,128,0,0.0,1,0,0.7046939389838371,True,feasible,computed
grid-p50-l48-m08,0.5,48,8,128,128,0,0.0,1,0,0.7005815060110763,True,feasible,computed
grid-p50-l48-m12,0.5,48,12,128,128,0,0.0,1,0,2.9838256890070625,True,feasible,reused
grid-p50-l48-m16,0.5,48,16,128,128,0,0.0,1,0,1.3047352530120406,True,feasible,reused
grid-p50-l48-m24,0.5,48,24,128,128,0,0.0,1,0,0.6345029610092752,True,feasible,computed
grid-p50-l48-m32,0.5,48,32,128,128,0,0.0,1,0,1.1838340270041954,True,feasible,reused
grid-p50-l48-m48,0.5,48,48,128,128,0,0.0,1,0,83.253129085002,True,feasible,computed
grid-p50-l48-m64,0.5,48,64,128,128,0,0.0,1,0,110.74555167500512,True,feasible,reused
