dual_bound,incumbent,layer_end,layer_start,layers,m,median_time_seconds,method,milp_binary_variables,mip_gap,mip_node_count,plan,plan_sha256,prune_ratio,relative_spread,relative_spread_percent,solver_message,solver_optimal,solver_reported_objective,solver_status,solver_success,spread,timing_repeats,warmup_runs
,2176.0,4,0,4,4,0.0005458940286189318,greedy_pairwise_swap,,,,/home/dyf/data/MARS-results/storage/ep4_plans/qwen3-vl-30b-a3b-p30.pt,af4e07085878198a8757a5680a1d4289071f093ab3ac6cd1b26490fc423b094e,0.3,0.03203014601978332,3.2030146019783325,sort initialization with local refinement,,,0,,2176.0,5,1
,2176.0,4,0,4,4,0.0012476090341806412,greedy_full_bijection,,,,/home/dyf/data/MARS-results/storage/ep4_plans/qwen3-vl-30b-a3b-p30.pt,af4e07085878198a8757a5680a1d4289071f093ab3ac6cd1b26490fc423b094e,0.3,0.03203014601978332,3.2030146019783325,sort initialization with local refinement,,,0,,2176.0,5,1
1152.0,1152.0,4,0,4,4,0.11093940096907318,milp_assignment,64,0.0,3,/home/dyf/data/MARS-results/storage/ep4_plans/qwen3-vl-30b-a3b-p30.pt,af4e07085878198a8757a5680a1d4289071f093ab3ac6cd1b26490fc423b094e,0.3,0.016957136128120585,1.6957136128120585,Optimization terminated successfully. (HiGHS Status 7: Optimal),True,1152.0,0,True,1152.0,1,0
,3968.0,8,4,4,4,0.0006919261068105698,greedy_pairwise_swap,,,,/home/dyf/data/MARS-results/storage/ep4_plans/qwen3-vl-30b-a3b-p30.pt,af4e07085878198a8757a5680a1d4289071f093ab3ac6cd1b26490fc423b094e,0.3,0.05913209346685742,5.913209346685742,sort initialization with local refinement,,,0,,3968.0,5,1
,3968.0,8,4,4,4,0.002044291002675891,greedy_full_bijection,,,,/home/dyf/data/MARS-results/storage/ep4_plans/qwen3-vl-30b-a3b-p30.pt,af4e07085878198a8757a5680a1d4289071f093ab3ac6cd1b26490fc423b094e,0.3,0.05913209346685742,5.913209346685742,sort initialization with local refinement,,,0,,3968.0,5,1
2431.999999999971,2432.0,8,4,4,4,0.13183334190398455,milp_assignment,64,0.0,3,/home/dyf/data/MARS-results/storage/ep4_plans/qwen3-vl-30b-a3b-p30.pt,af4e07085878198a8757a5680a1d4289071f093ab3ac6cd1b26490fc423b094e,0.3,0.036242250834525515,3.6242250834525516,Optimization terminated successfully. (HiGHS Status 7: Optimal),True,2431.999999999971,0,True,2432.0,1,0
,1536.0,12,8,4,4,0.0005419319495558739,greedy_pairwise_swap,,,,/home/dyf/data/MARS-results/storage/ep4_plans/qwen3-vl-30b-a3b-p30.pt,af4e07085878198a8757a5680a1d4289071f093ab3ac6cd1b26490fc423b094e,0.3,0.023065833733781835,2.3065833733781833,sort initialization with local refinement,,,0,,1536.0,5,1
,1536.0,12,8,4,4,0.0017807688564062119,greedy_full_bijection,,,,/home/dyf/data/MARS-results/storage/ep4_plans/qwen3-vl-30b-a3b-p30.pt,af4e07085878198a8757a5680a1d4289071f093ab3ac6cd1b26490fc423b094e,0.3,0.023065833733781835,2.3065833733781833,sort initialization with local refinement,,,0,,1536.0,5,1
1536.0,1536.0,12,8,4,4,0.15108589618466794,milp_assignment,64,0.0,3,/home/dyf/data/MARS-results/storage/ep4_plans/qwen3-vl-30b-a3b-p30.pt,af4e07085878198a8757a5680a1d4289071f093ab3ac6cd1b26490fc423b094e,0.3,0.023065833733781835,2.3065833733781833,Optimization terminated successfully. (HiGHS Status 7: Optimal),True,1536.0,0,True,1536.0,1,0
,3712.0,16,12,4,4,0.000534069025889039,greedy_pairwise_swap,,,,/home/dyf/data/MARS-results/storage/ep4_plans/qwen3-vl-30b-a3b-p30.pt,af4e07085878198a8757a5680a1d4289071f093ab3ac6cd1b26490fc423b094e,0.3,0.05625606207565471,5.625606207565471,sort initialization with local refinement,,,0,,3712.0,5,1
,3712.0,16,12,4,4,0.0012308519799262285,greedy_full_bijection,,,,/home/dyf/data/MARS-results/storage/ep4_plans/qwen3-vl-30b-a3b-p30.pt,af4e07085878198a8757a5680a1d4289071f093ab3ac6cd1b26490fc423b094e,0.3,0.05625606207565471,5.625606207565471,sort initialization with local refinement,,,0,,3712.0,5,1
3712.0,3712.0,16,12,4,4,0.033720970852300525,milp_assignment,64,0.0,0,/home/dyf/data/MARS-results/storage/ep4_plans/qwen3-vl-30b-a3b-p30.pt,af4e07085878198a8757a5680a1d4289071f093ab3ac6cd1b26490fc423b094e,0.3,0.05625606207565471,5.625606207565471,Optimization terminated successfully. (HiGHS Status 7: Optimal),True,3712.0,0,True,3712.0,1,0
,3456.0,20,16,4,4,0.0006680150981992483,greedy_pairwise_swap,,,,/home/dyf/data/MARS-results/storage/ep4_plans/qwen3-vl-30b-a3b-p30.pt,af4e07085878198a8757a5680a1d4289071f093ab3ac6cd1b26490fc423b094e,0.3,0.04791481810115351,4.791481810115351,sort initialization with local refinement,,,0,,3456.0,5,1
,5248.0,20,16,4,4,0.0012420020066201687,greedy_full_bijection,,,,/home/dyf/data/MARS-results/storage/ep4_plans/qwen3-vl-30b-a3b-p30.pt,af4e07085878198a8757a5680a1d4289071f093ab3ac6cd1b26490fc423b094e,0.3,0.07275953859804792,7.275953859804791,sort initialization with local refinement,,,0,,5248.0,5,1
2688.0,2688.0,20,16,4,4,0.1336822840385139,milp_assignment,64,0.0,9,/home/dyf/data/MARS-results/storage/ep4_plans/qwen3-vl-30b-a3b-p30.pt,af4e07085878198a8757a5680a1d4289071f093ab3ac6cd1b26490fc423b094e,0.3,0.037267080745341616,3.7267080745341614,Optimization terminated successfully. (HiGHS Status 7: Optimal),True,2688.0,0,True,2688.0,1,0
,9344.0,24,20,4,4,0.0005322110373526812,greedy_pairwise_swap,,,,/home/dyf/data/MARS-results/storage/ep4_plans/qwen3-vl-30b-a3b-p30.pt,af4e07085878198a8757a5680a1d4289071f093ab3ac6cd1b26490fc423b094e,0.3,0.12960497114957834,12.960497114957834,sort initialization with local refinement,,,0,,9344.0,5,1
,9344.0,24,20,4,4,0.001230922993272543,greedy_full_bijection,,,,/home/dyf/data/MARS-results/storage/ep4_plans/qwen3-vl-30b-a3b-p30.pt,af4e07085878198a8757a5680a1d4289071f093ab3ac6cd1b26490fc423b094e,0.3,0.12960497114957834,12.960497114957834,sort initialization with local refinement,,,0,,9344.0,5,1
4736.000000062573,4736.0,24,20,4,4,0.14497575513087213,milp_assignment,64,0.0,19,/home/dyf/data/MARS-results/storage/ep4_plans/qwen3-vl-30b-a3b-p30.pt,af4e07085878198a8757a5680a1d4289071f093ab3ac6cd1b26490fc423b094e,0.3,0.06569019085663559,6.569019085663559,Optimization terminated successfully. (HiGHS Status 7: Optimal),True,4736.000000062573,0,True,4736.0,1,0
,3072.0,28,24,4,4,0.0005457189399749041,greedy_pairwise_swap,,,,/home/dyf/data/MARS-results/storage/ep4_plans/qwen3-vl-30b-a3b-p30.pt,af4e07085878198a8757a5680a1d4289071f093ab3ac6cd1b26490fc423b094e,0.3,0.045714285714285714,4.571428571428571,sort initialization with local refinement,,,0,,3072.0,5,1
,3072.0,28,24,4,4,0.0012510360684245825,greedy_full_bijection,,,,/home/dyf/data/MARS-results/storage/ep4_plans/qwen3-vl-30b-a3b-p30.pt,af4e07085878198a8757a5680a1d4289071f093ab3ac6cd1b26490fc423b094e,0.3,0.045714285714285714,4.571428571428571,sort initialization with local refinement,,,0,,3072.0,5,1
2943.9999999936044,2944.0,28,24,4,4,0.12019850988872349,milp_assignment,64,0.0,5,/home/dyf/data/MARS-results/storage/ep4_plans/qwen3-vl-30b-a3b-p30.pt,af4e07085878198a8757a5680a1d4289071f093ab3ac6cd1b26490fc423b094e,0.3,0.04380952380952381,4.380952380952381,Optimization terminated successfully. (HiGHS Status 7: Optimal),True,2943.9999999936044,0,True,2944.0,1,0
,896.0,32,28,4,4,0.0007274860981851816,greedy_pairwise_swap,,,,/home/dyf/data/MARS-results/storage/ep4_plans/qwen3-vl-30b-a3b-p30.pt,af4e07085878198a8757a5680a1d4289071f093ab3ac6cd1b26490fc423b094e,0.3,0.013257575757575758,1.3257575757575757,sort initialization with local refinement,,,0,,896.0,5,1
,896.0,32,28,4,4,0.0020267940126359463,greedy_full_bijection,,,,/home/dyf/data/MARS-results/storage/ep4_plans/qwen3-vl-30b-a3b-p30.pt,af4e07085878198a8757a5680a1d4289071f093ab3ac6cd1b26490fc423b094e,0.3,0.013257575757575758,1.3257575757575757,sort initialization with local refinement,,,0,,896.0,5,1
896.0,896.0,32,28,4,4,0.08036612090654671,milp_assignment,64,0.0,22,/home/dyf/data/MARS-results/storage/ep4_plans/qwen3-vl-30b-a3b-p30.pt,af4e07085878198a8757a5680a1d4289071f093ab3ac6cd1b26490fc423b094e,0.3,0.013257575757575758,1.3257575757575757,Optimization terminated successfully. (HiGHS Status 7: Optimal),True,896.0,0,True,896.0,1,0
,7424.0,36,32,4,4,0.0007605799473822117,greedy_pairwise_swap,,,,/home/dyf/data/MARS-results/storage/ep4_plans/qwen3-vl-30b-a3b-p30.pt,af4e07085878198a8757a5680a1d4289071f093ab3ac6cd1b26490fc423b094e,0.3,0.10953729933899906,10.953729933899906,sort initialization with local refinement,,,0,,7424.0,5,1
,7424.0,36,32,4,4,0.0018156080041080713,greedy_full_bijection,,,,/home/dyf/data/MARS-results/storage/ep4_plans/qwen3-vl-30b-a3b-p30.pt,af4e07085878198a8757a5680a1d4289071f093ab3ac6cd1b26490fc423b094e,0.3,0.10953729933899906,10.953729933899906,sort initialization with local refinement,,,0,,7424.0,5,1
1663.9999999928696,1664.0,36,32,4,4,0.11824285099282861,milp_assignment,64,0.0,12,/home/dyf/data/MARS-results/storage/ep4_plans/qwen3-vl-30b-a3b-p30.pt,af4e07085878198a8757a5680a1d4289071f093ab3ac6cd1b26490fc423b094e,0.3,0.024551463644948063,2.4551463644948064,Optimization terminated successfully. (HiGHS Status 7: Optimal),True,1663.9999999928696,0,True,1664.0,1,0
,1792.0,40,36,4,4,0.0006859460845589638,greedy_pairwise_swap,,,,/home/dyf/data/MARS-results/storage/ep4_plans/qwen3-vl-30b-a3b-p30.pt,af4e07085878198a8757a5680a1d4289071f093ab3ac6cd1b26490fc423b094e,0.3,0.025878003696857672,2.5878003696857674,sort initialization with local refinement,,,0,,1792.0,5,1
,1792.0,40,36,4,4,0.0012267229612916708,greedy_full_bijection,,,,/home/dyf/data/MARS-results/storage/ep4_plans/qwen3-vl-30b-a3b-p30.pt,af4e07085878198a8757a5680a1d4289071f093ab3ac6cd1b26490fc423b094e,0.3,0.025878003696857672,2.5878003696857674,sort initialization with local refinement,,,0,,1792.0,5,1
1792.0,1792.0,40,36,4,4,0.06295309099368751,milp_assignment,64,0.0,0,/home/dyf/data/MARS-results/storage/ep4_plans/qwen3-vl-30b-a3b-p30.pt,af4e07085878198a8757a5680a1d4289071f093ab3ac6cd1b26490fc423b094e,0.3,0.025878003696857672,2.5878003696857674,Optimization terminated successfully. (HiGHS Status 7: Optimal),True,1792.0,0,True,1792.0,1,0
,5376.0,44,40,4,4,0.0006829078774899244,greedy_pairwise_swap,,,,/home/dyf/data/MARS-results/storage/ep4_plans/qwen3-vl-30b-a3b-p30.pt,af4e07085878198a8757a5680a1d4289071f093ab3ac6cd1b26490fc423b094e,0.3,0.07378129117259552,7.378129117259552,sort initialization with local refinement,,,0,,5376.0,5,1
,5376.0,44,40,4,4,0.0020731280092149973,greedy_full_bijection,,,,/home/dyf/data/MARS-results/storage/ep4_plans/qwen3-vl-30b-a3b-p30.pt,af4e07085878198a8757a5680a1d4289071f093ab3ac6cd1b26490fc423b094e,0.3,0.07378129117259552,7.378129117259552,sort initialization with local refinement,,,0,,5376.0,5,1
5120.0,5120.0,44,40,4,4,0.024503582855686545,milp_assignment,64,0.0,1,/home/dyf/data/MARS-results/storage/ep4_plans/qwen3-vl-30b-a3b-p30.pt,af4e07085878198a8757a5680a1d4289071f093ab3ac6cd1b26490fc423b094e,0.3,0.07026789635485288,7.026789635485288,Optimization terminated successfully. (HiGHS Status 7: Optimal),True,5120.0,0,True,5120.0,1,0
,20352.0,48,44,4,4,0.0003851167857646942,greedy_pairwise_swap,,,,/home/dyf/data/MARS-results/storage/ep4_plans/qwen3-vl-30b-a3b-p30.pt,af4e07085878198a8757a5680a1d4289071f093ab3ac6cd1b26490fc423b094e,0.3,0.29390018484288355,29.390018484288355,sort initialization with local refinement,,,0,,20352.0,5,1
,20352.0,48,44,4,4,0.0007397870067507029,greedy_full_bijection,,,,/home/dyf/data/MARS-results/storage/ep4_plans/qwen3-vl-30b-a3b-p30.pt,af4e07085878198a8757a5680a1d4289071f093ab3ac6cd1b26490fc423b094e,0.3,0.29390018484288355,29.390018484288355,sort initialization with local refinement,,,0,,20352.0,5,1
18687.999999999993,18688.0,48,44,4,4,0.08007593709044158,milp_assignment,64,0.0,1,/home/dyf/data/MARS-results/storage/ep4_plans/qwen3-vl-30b-a3b-p30.pt,af4e07085878198a8757a5680a1d4289071f093ab3ac6cd1b26490fc423b094e,0.3,0.2698706099815157,26.98706099815157,Optimization terminated successfully. (HiGHS Status 7: Optimal),True,18687.999999999993,0,True,18688.0,1,0
,2048.0,8,0,8,4,0.0014200150035321712,greedy_pairwise_swap,,,,/home/dyf/data/MARS-results/storage/ep4_plans/qwen3-vl-30b-a3b-p30.pt,af4e07085878198a8757a5680a1d4289071f093ab3ac6cd1b26490fc423b094e,0.3,0.015165876777251185,1.5165876777251186,sort initialization with local refinement,,,0,,2048.0,5,1
,2048.0,8,0,8,4,0.003861969104036689,greedy_full_bijection,,,,/home/dyf/data/MARS-results/storage/ep4_plans/qwen3-vl-30b-a3b-p30.pt,af4e07085878198a8757a5680a1d4289071f093ab3ac6cd1b26490fc423b094e,0.3,0.015165876777251185,1.5165876777251186,sort initialization with local refinement,,,0,,2048.0,5,1
0.0,0.0,8,0,8,4,0.7796100149862468,milp_assignment,128,0.0,1448,/home/dyf/data/MARS-results/storage/ep4_plans/qwen3-vl-30b-a3b-p30.pt,af4e07085878198a8757a5680a1d4289071f093ab3ac6cd1b26490fc423b094e,0.3,0.0,0.0,Optimization terminated successfully. (HiGHS Status 7: Optimal),True,0.0,0,True,0.0,1,0
,896.0,16,8,8,4,0.002242104848846793,greedy_pairwise_swap,,,,/home/dyf/data/MARS-results/storage/ep4_plans/qwen3-vl-30b-a3b-p30.pt,af4e07085878198a8757a5680a1d4289071f093ab3ac6cd1b26490fc423b094e,0.3,0.006758387641805455,0.6758387641805456,sort initialization with local refinement,,,0,,896.0,5,1
,1024.0,16,8,8,4,0.003873070003464818,greedy_full_bijection,,,,/home/dyf/data/MARS-results/storage/ep4_plans/qwen3-vl-30b-a3b-p30.pt,af4e07085878198a8757a5680a1d4289071f093ab3ac6cd1b26490fc423b094e,0.3,0.007723871590634806,0.7723871590634807,sort initialization with local refinement,,,0,,1024.0,5,1
127.99999994639074,128.0,16,8,8,4,10.291249354137108,milp_assignment,128,0.0,22839,/home/dyf/data/MARS-results/storage/ep4_plans/qwen3-vl-30b-a3b-p30.pt,af4e07085878198a8757a5680a1d4289071f093ab3ac6cd1b26490fc423b094e,0.3,0.0009654839488293508,0.09654839488293508,Optimization terminated successfully. (HiGHS Status 7: Optimal),True,127.99999994639074,0,True,128.0,1,0
,4224.0,24,16,8,4,0.001428623916581273,greedy_pairwise_swap,,,,/home/dyf/data/MARS-results/storage/ep4_plans/qwen3-vl-30b-a3b-p30.pt,af4e07085878198a8757a5680a1d4289071f093ab3ac6cd1b26490fc423b094e,0.3,0.02928777457288662,2.928777457288662,sort initialization with local refinement,,,0,,4224.0,5,1
,4224.0,24,16,8,4,0.003825207008048892,greedy_full_bijection,,,,/home/dyf/data/MARS-results/storage/ep4_plans/qwen3-vl-30b-a3b-p30.pt,af4e07085878198a8757a5680a1d4289071f093ab3ac6cd1b26490fc423b094e,0.3,0.02928777457288662,2.928777457288662,sort initialization with local refinement,,,0,,4224.0,5,1
127.99999999906868,128.0,24,16,8,4,7.434657896868885,milp_assignment,128,0.0,14695,/home/dyf/data/MARS-results/storage/ep4_plans/qwen3-vl-30b-a3b-p30.pt,af4e07085878198a8757a5680a1d4289071f093ab3ac6cd1b26490fc423b094e,0.3,0.0008875083203905037,0.08875083203905038,Optimization terminated successfully. (HiGHS Status 7: Optimal),True,127.99999999906868,0,True,128.0,1,0
,4224.0,32,24,8,4,0.002571849850937724,greedy_pairwise_swap,,,,/home/dyf/data/MARS-results/storage/ep4_plans/qwen3-vl-30b-a3b-p30.pt,af4e07085878198a8757a5680a1d4289071f093ab3ac6cd1b26490fc423b094e,0.3,0.03133903133903134,3.133903133903134,sort initialization with local refinement,,,0,,4224.0,5,1
,4224.0,32,24,8,4,0.0038350559771060944,greedy_full_bijection,,,,/home/dyf/data/MARS-results/storage/ep4_plans/qwen3-vl-30b-a3b-p30.pt,af4e07085878198a8757a5680a1d4289071f093ab3ac6cd1b26490fc423b094e,0.3,0.03133903133903134,3.133903133903134,sort initialization with local refinement,,,0,,4224.0,5,1
0.0,0.0,32,24,8,4,1.3588939369656146,milp_assignment,128,0.0,2712,/home/dyf/data/MARS-results/storage/ep4_plans/qwen3-vl-30b-a3b-p30.pt,af4e07085878198a8757a5680a1d4289071f093ab3ac6cd1b26490fc423b094e,0.3,0.0,0.0,Optimization terminated successfully. (HiGHS Status 7: Optimal),True,0.0,0,True,0.0,1,0
,3584.0,40,32,8,4,0.0010680549312382936,greedy_pairwise_swap,,,,/home/dyf/data/MARS-results/storage/ep4_plans/qwen3-vl-30b-a3b-p30.pt,af4e07085878198a8757a5680a1d4289071f093ab3ac6cd1b26490fc423b094e,0.3,0.026156001868285848,2.6156001868285848,sort initialization with local refinement,,,0,,3584.0,5,1
,3584.0,40,32,8,4,0.0026747039519250393,greedy_full_bijection,,,,/home/dyf/data/MARS-results/storage/ep4_plans/qwen3-vl-30b-a3b-p30.pt,af4e07085878198a8757a5680a1d4289071f093ab3ac6cd1b26490fc423b094e,0.3,0.026156001868285848,2.6156001868285848,sort initialization with local refinement,,,0,,3584.0,5,1
127.99999999970896,128.0,40,32,8,4,11.54683305695653,milp_assignment,128,0.0,28651,/home/dyf/data/MARS-results/storage/ep4_plans/qwen3-vl-30b-a3b-p30.pt,af4e07085878198a8757a5680a1d4289071f093ab3ac6cd1b26490fc423b094e,0.3,0.0009341429238673517,0.09341429238673517,Optimization terminated successfully. (HiGHS Status 7: Optimal),True,127.99999999970896,0,True,128.0,1,0
,3072.0,48,40,8,4,0.001071003032848239,greedy_pairwise_swap,,,,/home/dyf/data/MARS-results/storage/ep4_plans/qwen3-vl-30b-a3b-p30.pt,af4e07085878198a8757a5680a1d4289071f093ab3ac6cd1b26490fc423b094e,0.3,0.021616752983562262,2.161675298356226,sort initialization with local refinement,,,0,,3072.0,5,1
,3072.0,48,40,8,4,0.0026745758950710297,greedy_full_bijection,,,,/home/dyf/data/MARS-results/storage/ep4_plans/qwen3-vl-30b-a3b-p30.pt,af4e07085878198a8757a5680a1d4289071f093ab3ac6cd1b26490fc423b094e,0.3,0.021616752983562262,2.161675298356226,sort initialization with local refinement,,,0,,3072.0,5,1
127.99999999935972,128.0,48,40,8,4,1.6382854350376874,milp_assignment,128,0.0,3292,/home/dyf/data/MARS-results/storage/ep4_plans/qwen3-vl-30b-a3b-p30.pt,af4e07085878198a8757a5680a1d4289071f093ab3ac6cd1b26490fc423b094e,0.3,0.0009006980409817609,0.09006980409817608,Optimization terminated successfully. (HiGHS Status 7: Optimal),True,127.99999999935972,0,True,128.0,1,0
,1024.0,12,0,12,4,0.003020174102857709,greedy_pairwise_swap,,,,/home/dyf/data/MARS-results/storage/ep4_plans/qwen3-vl-30b-a3b-p30.pt,af4e07085878198a8757a5680a1d4289071f093ab3ac6cd1b26490fc423b094e,0.3,0.005078558958895413,0.5078558958895413,sort initialization with local refinement,,,0,,1024.0,5,1
,1024.0,12,0,12,4,0.008118781028315425,greedy_full_bijection,,,,/home/dyf/data/MARS-results/storage/ep4_plans/qwen3-vl-30b-a3b-p30.pt,af4e07085878198a8757a5680a1d4289071f093ab3ac6cd1b26490fc423b094e,0.3,0.005078558958895413,0.5078558958895413,sort initialization with local refinement,,,0,,1024.0,5,1
0.0,128.0,12,0,12,4,300.0898076859303,milp_assignment,192,1.0,783304,/home/dyf/data/MARS-results/storage/ep4_plans/qwen3-vl-30b-a3b-p30.pt,af4e07085878198a8757a5680a1d4289071f093ab3ac6cd1b26490fc423b094e,0.3,0.0006348198698619266,0.06348198698619266,Time limit reached. (HiGHS Status 13: Time limit reached),False,127.99999943340663,1,False,128.0,1,0
,640.0,24,12,12,4,0.004007547860965133,greedy_pairwise_swap,,,,/home/dyf/data/MARS-results/storage/ep4_plans/qwen3-vl-30b-a3b-p30.pt,af4e07085878198a8757a5680a1d4289071f093ab3ac6cd1b26490fc423b094e,0.3,0.0030446034404018876,0.30446034404018874,sort initialization with local refinement,,,0,,640.0,5,1
,1024.0,24,12,12,4,0.013512698002159595,greedy_full_bijection,,,,/home/dyf/data/MARS-results/storage/ep4_plans/qwen3-vl-30b-a3b-p30.pt,af4e07085878198a8757a5680a1d4289071f093ab3ac6cd1b26490fc423b094e,0.3,0.00487136550464302,0.487136550464302,sort initialization with local refinement,,,0,,1024.0,5,1
0.0,128.0,24,12,12,4,300.0496318170335,milp_assignment,192,1.0,775058,/home/dyf/data/MARS-results/storage/ep4_plans/qwen3-vl-30b-a3b-p30.pt,af4e07085878198a8757a5680a1d4289071f093ab3ac6cd1b26490fc423b094e,0.3,0.0006089206880803775,0.06089206880803775,Time limit reached. (HiGHS Status 13: Time limit reached),False,127.99999928928446,1,False,128.0,1,0
,1536.0,36,24,12,4,0.0021275419276207685,greedy_pairwise_swap,,,,/home/dyf/data/MARS-results/storage/ep4_plans/qwen3-vl-30b-a3b-p30.pt,af4e07085878198a8757a5680a1d4289071f093ab3ac6cd1b26490fc423b094e,0.3,0.007582938388625593,0.7582938388625593,sort initialization with local refinement,,,0,,1536.0,5,1
,1536.0,36,24,12,4,0.0059218129608780146,greedy_full_bijection,,,,/home/dyf/data/MARS-results/storage/ep4_plans/qwen3-vl-30b-a3b-p30.pt,af4e07085878198a8757a5680a1d4289071f093ab3ac6cd1b26490fc423b094e,0.3,0.007582938388625593,0.7582938388625593,sort initialization with local refinement,,,0,,1536.0,5,1
0.0,128.0,36,24,12,4,300.042420522077,milp_assignment,192,1.0,748645,/home/dyf/data/MARS-results/storage/ep4_plans/qwen3-vl-30b-a3b-p30.pt,af4e07085878198a8757a5680a1d4289071f093ab3ac6cd1b26490fc423b094e,0.3,0.000631911532385466,0.0631911532385466,Time limit reached. (HiGHS Status 13: Time limit reached),False,127.99999959149864,1,False,128.0,1,0
,768.0,48,36,12,4,0.002125972881913185,greedy_pairwise_swap,,,,/home/dyf/data/MARS-results/storage/ep4_plans/qwen3-vl-30b-a3b-p30.pt,af4e07085878198a8757a5680a1d4289071f093ab3ac6cd1b26490fc423b094e,0.3,0.0036336109008327025,0.3633610900832702,sort initialization with local refinement,,,0,,768.0,5,1
,1792.0,48,36,12,4,0.0059167270082980394,greedy_full_bijection,,,,/home/dyf/data/MARS-results/storage/ep4_plans/qwen3-vl-30b-a3b-p30.pt,af4e07085878198a8757a5680a1d4289071f093ab3ac6cd1b26490fc423b094e,0.3,0.008478425435276306,0.8478425435276306,sort initialization with local refinement,,,0,,1792.0,5,1
127.99999999633292,128.0,48,36,12,4,22.260291659040377,milp_assignment,192,0.0,60796,/home/dyf/data/MARS-results/storage/ep4_plans/qwen3-vl-30b-a3b-p30.pt,af4e07085878198a8757a5680a1d4289071f093ab3ac6cd1b26490fc423b094e,0.3,0.0006056018168054504,0.06056018168054504,Optimization terminated successfully. (HiGHS Status 7: Optimal),True,127.99999999633292,0,True,128.0,1,0
,512.0,16,0,16,4,0.0021198061294853687,greedy_pairwise_swap,,,,/home/dyf/data/MARS-results/storage/ep4_plans/qwen3-vl-30b-a3b-p30.pt,af4e07085878198a8757a5680a1d4289071f093ab3ac6cd1b26490fc423b094e,0.3,0.001913189046992706,0.1913189046992706,sort initialization with local refinement,,,0,,512.0,5,1
,512.0,16,0,16,4,0.007998823886737227,greedy_full_bijection,,,,/home/dyf/data/MARS-results/storage/ep4_plans/qwen3-vl-30b-a3b-p30.pt,af4e07085878198a8757a5680a1d4289071f093ab3ac6cd1b26490fc423b094e,0.3,0.001913189046992706,0.1913189046992706,sort initialization with local refinement,,,0,,512.0,5,1
1.0,128.0,16,0,16,4,300.0373286770191,milp_assignment,256,0.9921874999464144,341870,/home/dyf/data/MARS-results/storage/ep4_plans/qwen3-vl-30b-a3b-p30.pt,af4e07085878198a8757a5680a1d4289071f093ab3ac6cd1b26490fc423b094e,0.3,0.0004782972617481765,0.04782972617481765,Time limit reached. (HiGHS Status 13: Time limit reached),False,127.99999912205385,1,False,128.0,1,0
,1664.0,32,16,16,4,0.0028354681562632322,greedy_pairwise_swap,,,,/home/dyf/data/MARS-results/storage/ep4_plans/qwen3-vl-30b-a3b-p30.pt,af4e07085878198a8757a5680a1d4289071f093ab3ac6cd1b26490fc423b094e,0.3,0.005963986695721986,0.5963986695721987,sort initialization with local refinement,,,0,,1664.0,5,1
,1664.0,32,16,16,4,0.008006345946341753,greedy_full_bijection,,,,/home/dyf/data/MARS-results/storage/ep4_plans/qwen3-vl-30b-a3b-p30.pt,af4e07085878198a8757a5680a1d4289071f093ab3ac6cd1b26490fc423b094e,0.3,0.005963986695721986,0.5963986695721987,sort initialization with local refinement,,,0,,1664.0,5,1
0.0,128.0,32,16,16,4,300.0320845840033,milp_assignment,256,1.0,364192,/home/dyf/data/MARS-results/storage/ep4_plans/qwen3-vl-30b-a3b-p30.pt,af4e07085878198a8757a5680a1d4289071f093ab3ac6cd1b26490fc423b094e,0.3,0.00045876820736322975,0.045876820736322974,Time limit reached. (HiGHS Status 13: Time limit reached),False,127.99999867560109,1,False,128.0,1,0
,1664.0,48,32,16,4,0.0028232550248503685,greedy_pairwise_swap,,,,/home/dyf/data/MARS-results/storage/ep4_plans/qwen3-vl-30b-a3b-p30.pt,af4e07085878198a8757a5680a1d4289071f093ab3ac6cd1b26490fc423b094e,0.3,0.005961251862891207,0.5961251862891207,sort initialization with local refinement,,,0,,1664.0,5,1
,1664.0,48,32,16,4,0.0055502899922430515,greedy_full_bijection,,,,/home/dyf/data/MARS-results/storage/ep4_plans/qwen3-vl-30b-a3b-p30.pt,af4e07085878198a8757a5680a1d4289071f093ab3ac6cd1b26490fc423b094e,0.3,0.005961251862891207,0.5961251862891207,sort initialization with local refinement,,,0,,1664.0,5,1
43.0,128.0,48,32,16,4,300.0305734530557,milp_assignment,256,0.6640624999937366,412092,/home/dyf/data/MARS-results/storage/ep4_plans/qwen3-vl-30b-a3b-p30.pt,af4e07085878198a8757a5680a1d4289071f093ab3ac6cd1b26490fc423b094e,0.3,0.00045855783560701593,0.04585578356070159,Time limit reached. (HiGHS Status 13: Time limit reached),False,127.99999999761349,1,False,128.0,1,0
,1408.0,24,0,24,4,0.0031570671126246452,greedy_pairwise_swap,,,,/home/dyf/data/MARS-results/storage/ep4_plans/qwen3-vl-30b-a3b-p30.pt,af4e07085878198a8757a5680a1d4289071f093ab3ac6cd1b26490fc423b094e,0.3,0.003418803418803419,0.3418803418803419,sort initialization with local refinement,,,0,,1408.0,5,1
,768.0,24,0,24,4,0.008450934896245599,greedy_full_bijection,,,,/home/dyf/data/MARS-results/storage/ep4_plans/qwen3-vl-30b-a3b-p30.pt,af4e07085878198a8757a5680a1d4289071f093ab3ac6cd1b26490fc423b094e,0.3,0.0018648018648018648,0.1864801864801865,sort initialization with local refinement,,,0,,768.0,5,1
0.0,128.0,24,0,24,4,300.0443881149404,milp_assignment,384,1.0,287487,/home/dyf/data/MARS-results/storage/ep4_plans/qwen3-vl-30b-a3b-p30.pt,af4e07085878198a8757a5680a1d4289071f093ab3ac6cd1b26490fc423b094e,0.3,0.0003108003108003108,0.03108003108003108,Time limit reached. (HiGHS Status 13: Time limit reached),False,127.99999900016701,1,False,128.0,1,0
,2048.0,48,24,24,4,0.0042787480633705854,greedy_pairwise_swap,,,,/home/dyf/data/MARS-results/storage/ep4_plans/qwen3-vl-30b-a3b-p30.pt,af4e07085878198a8757a5680a1d4289071f093ab3ac6cd1b26490fc423b094e,0.3,0.004947816003092385,0.49478160030923846,sort initialization with local refinement,,,0,,2048.0,5,1
,512.0,48,24,24,4,0.008485037833452225,greedy_full_bijection,,,,/home/dyf/data/MARS-results/storage/ep4_plans/qwen3-vl-30b-a3b-p30.pt,af4e07085878198a8757a5680a1d4289071f093ab3ac6cd1b26490fc423b094e,0.3,0.0012369540007730962,0.12369540007730961,sort initialization with local refinement,,,0,,512.0,5,1
64.0,128.0,48,24,24,4,300.0160263599828,milp_assignment,384,0.4999999976541858,212843,/home/dyf/data/MARS-results/storage/ep4_plans/qwen3-vl-30b-a3b-p30.pt,af4e07085878198a8757a5680a1d4289071f093ab3ac6cd1b26490fc423b094e,0.3,0.00030923850019327404,0.030923850019327404,Time limit reached. (HiGHS Status 13: Time limit reached),False,127.99999939947156,1,False,128.0,1,0
,1280.0,32,0,32,4,0.0056754229590296745,greedy_pairwise_swap,,,,/home/dyf/data/MARS-results/storage/ep4_plans/qwen3-vl-30b-a3b-p30.pt,af4e07085878198a8757a5680a1d4289071f093ab3ac6cd1b26490fc423b094e,0.3,0.002341646177262616,0.23416461772626157,sort initialization with local refinement,,,0,,1280.0,5,1
,256.0,32,0,32,4,0.011343889171257615,greedy_full_bijection,,,,/home/dyf/data/MARS-results/storage/ep4_plans/qwen3-vl-30b-a3b-p30.pt,af4e07085878198a8757a5680a1d4289071f093ab3ac6cd1b26490fc423b094e,0.3,0.0004683292354525231,0.046832923545252314,sort initialization with local refinement,,,0,,256.0,5,1
0.0,128.0,32,0,32,4,300.01165998587385,milp_assignment,512,1.0,227291,/home/dyf/data/MARS-results/storage/ep4_plans/qwen3-vl-30b-a3b-p30.pt,af4e07085878198a8757a5680a1d4289071f093ab3ac6cd1b26490fc423b094e,0.3,0.00023416461772626156,0.023416461772626157,Time limit reached. (HiGHS Status 13: Time limit reached),False,127.99999929685146,1,False,128.0,1,0
,256.0,48,0,48,4,0.006298414897173643,greedy_pairwise_swap,,,,/home/dyf/data/MARS-results/storage/ep4_plans/qwen3-vl-30b-a3b-p30.pt,af4e07085878198a8757a5680a1d4289071f093ab3ac6cd1b26490fc423b094e,0.3,0.00031001743848091455,0.031001743848091456,sort initialization with local refinement,,,0,,256.0,5,1
,256.0,48,0,48,4,0.01715514180250466,greedy_full_bijection,,,,/home/dyf/data/MARS-results/storage/ep4_plans/qwen3-vl-30b-a3b-p30.pt,af4e07085878198a8757a5680a1d4289071f093ab3ac6cd1b26490fc423b094e,0.3,0.00031001743848091455,0.031001743848091456,sort initialization with local refinement,,,0,,256.0,5,1
43.00000000395812,128.0,48,0,48,4,300.04852150403894,milp_assignment,768,0.6640624978169001,144327,/home/dyf/data/MARS-results/storage/ep4_plans/qwen3-vl-30b-a3b-p30.pt,af4e07085878198a8757a5680a1d4289071f093ab3ac6cd1b26490fc423b094e,0.3,0.00015500871924045728,0.015500871924045728,Time limit reached. (HiGHS Status 13: Time limit reached),False,127.99999917997047,1,False,128.0,1,0
,10368.0,4,0,4,4,0.00037970603443682194,greedy_pairwise_swap,,,,/home/dyf/data/MARS-results/storage/ep4_plans/qwen3-vl-30b-a3b-p50.pt,c0f9e05d1bb0c6815f95699c479cf03a5ea76c21c0a8f8dfa5501b6f0ff74279,0.5,0.21038961038961038,21.038961038961038,sort initialization with local refinement,,,0,,10368.0,5,1
,10368.0,4,0,4,4,0.000731507083401084,greedy_full_bijection,,,,/home/dyf/data/MARS-results/storage/ep4_plans/qwen3-vl-30b-a3b-p50.pt,c0f9e05d1bb0c6815f95699c479cf03a5ea76c21c0a8f8dfa5501b6f0ff74279,0.5,0.21038961038961038,21.038961038961038,sort initialization with local refinement,,,0,,10368.0,5,1
896.0,896.0,4,0,4,4,0.10384420002810657,milp_assignment,64,0.0,7,/home/dyf/data/MARS-results/storage/ep4_plans/qwen3-vl-30b-a3b-p50.pt,c0f9e05d1bb0c6815f95699c479cf03a5ea76c21c0a8f8dfa5501b6f0ff74279,0.5,0.01818181818181818,1.8181818181818181,Optimization terminated successfully. (HiGHS Status 7: Optimal),True,896.0,0,True,896.0,1,0
,7680.0,8,4,4,4,0.0005386958364397287,greedy_pairwise_swap,,,,/home/dyf/data/MARS-results/storage/ep4_plans/qwen3-vl-30b-a3b-p50.pt,c0f9e05d1bb0c6815f95699c479cf03a5ea76c21c0a8f8dfa5501b6f0ff74279,0.5,0.16183412002697237,16.183412002697235,sort initialization with local refinement,,,0,,7680.0,5,1
,7680.0,8,4,4,4,0.0012290941085666418,greedy_full_bijection,,,,/home/dyf/data/MARS-results/storage/ep4_plans/qwen3-vl-30b-a3b-p50.pt,c0f9e05d1bb0c6815f95699c479cf03a5ea76c21c0a8f8dfa5501b6f0ff74279,0.5,0.16183412002697237,16.183412002697235,sort initialization with local refinement,,,0,,7680.0,5,1
383.99999999802094,384.0,8,4,4,4,0.1067058271728456,milp_assignment,64,0.0,12,/home/dyf/data/MARS-results/storage/ep4_plans/qwen3-vl-30b-a3b-p50.pt,c0f9e05d1bb0c6815f95699c479cf03a5ea76c21c0a8f8dfa5501b6f0ff74279,0.5,0.008091706001348618,0.8091706001348618,Optimization terminated successfully. (HiGHS Status 7: Optimal),True,383.99999999802094,0,True,384.0,1,0
,6144.0,12,8,4,4,0.000834612874314189,greedy_pairwise_swap,,,,/home/dyf/data/MARS-results/storage/ep4_plans/qwen3-vl-30b-a3b-p50.pt,c0f9e05d1bb0c6815f95699c479cf03a5ea76c21c0a8f8dfa5501b6f0ff74279,0.5,0.13204951856946354,13.204951856946353,sort initialization with local refinement,,,0,,6144.0,5,1
,6144.0,12,8,4,4,0.0022192010655999184,greedy_full_bijection,,,,/home/dyf/data/MARS-results/storage/ep4_plans/qwen3-vl-30b-a3b-p50.pt,c0f9e05d1bb0c6815f95699c479cf03a5ea76c21c0a8f8dfa5501b6f0ff74279,0.5,0.13204951856946354,13.204951856946353,sort initialization with local refinement,,,0,,6144.0,5,1
2303.99999999992,2304.0,12,8,4,4,0.1265079111326486,milp_assignment,64,0.0,51,/home/dyf/data/MARS-results/storage/ep4_plans/qwen3-vl-30b-a3b-p50.pt,c0f9e05d1bb0c6815f95699c479cf03a5ea76c21c0a8f8dfa5501b6f0ff74279,0.5,0.04951856946354883,4.951856946354883,Optimization terminated successfully. (HiGHS Status 7: Optimal),True,2303.99999999992,0,True,2304.0,1,0
,1280.0,16,12,4,4,0.0003962370101362467,greedy_pairwise_swap,,,,/home/dyf/data/MARS-results/storage/ep4_plans/qwen3-vl-30b-a3b-p50.pt,c0f9e05d1bb0c6815f95699c479cf03a5ea76c21c0a8f8dfa5501b6f0ff74279,0.5,0.027605244996549344,2.7605244996549345,sort initialization with local refinement,,,0,,1280.0,5,1
,1280.0,16,12,4,4,0.0007323869504034519,greedy_full_bijection,,,,/home/dyf/data/MARS-results/storage/ep4_plans/qwen3-vl-30b-a3b-p50.pt,c0f9e05d1bb0c6815f95699c479cf03a5ea76c21c0a8f8dfa5501b6f0ff74279,0.5,0.027605244996549344,2.7605244996549345,sort initialization with local refinement,,,0,,1280.0,5,1
768.0,768.0,16,12,4,4,0.09110095794312656,milp_assignment,64,0.0,5,/home/dyf/data/MARS-results/storage/ep4_plans/qwen3-vl-30b-a3b-p50.pt,c0f9e05d1bb0c6815f95699c479cf03a5ea76c21c0a8f8dfa5501b6f0ff74279,0.5,0.016563146997929608,1.6563146997929608,Optimization terminated successfully. (HiGHS Status 7: Optimal),True,768.0,0,True,768.0,1,0
,1536.0,20,16,4,4,0.0005322278011590242,greedy_pairwise_swap,,,,/home/dyf/data/MARS-results/storage/ep4_plans/qwen3-vl-30b-a3b-p50.pt,c0f9e05d1bb0c6815f95699c479cf03a5ea76c21c0a8f8dfa5501b6f0ff74279,0.5,0.029869321717486,2.9869321717485997,sort initialization with local refinement,,,0,,1536.0,5,1
,1536.0,20,16,4,4,0.001234531169757247,greedy_full_bijection,,,,/home/dyf/data/MARS-results/storage/ep4_plans/qwen3-vl-30b-a3b-p50.pt,c0f9e05d1bb0c6815f95699c479cf03a5ea76c21c0a8f8dfa5501b6f0ff74279,0.5,0.029869321717486,2.9869321717485997,sort initialization with local refinement,,,0,,1536.0,5,1
511.9999999999927,512.0,20,16,4,4,0.08281994704157114,milp_assignment,64,0.0,22,/home/dyf/data/MARS-results/storage/ep4_plans/qwen3-vl-30b-a3b-p50.pt,c0f9e05d1bb0c6815f95699c479cf03a5ea76c21c0a8f8dfa5501b6f0ff74279,0.5,0.009956440572495333,0.9956440572495333,Optimization terminated successfully. (HiGHS Status 7: Optimal),True,511.9999999999927,0,True,512.0,1,0
,2432.0,24,20,4,4,0.000688204076141119,greedy_pairwise_swap,,,,/home/dyf/data/MARS-results/storage/ep4_plans/qwen3-vl-30b-a3b-p50.pt,c0f9e05d1bb0c6815f95699c479cf03a5ea76c21c0a8f8dfa5501b6f0ff74279,0.5,0.04804045512010114,4.804045512010114,sort initialization with local refinement,,,0,,2432.0,5,1
,2432.0,24,20,4,4,0.0017138090915977955,greedy_full_bijection,,,,/home/dyf/data/MARS-results/storage/ep4_plans/qwen3-vl-30b-a3b-p50.pt,c0f9e05d1bb0c6815f95699c479cf03a5ea76c21c0a8f8dfa5501b6f0ff74279,0.5,0.04804045512010114,4.804045512010114,sort initialization with local refinement,,,0,,2432.0,5,1
1919.9999999972497,1920.0,24,20,4,4,0.13154224306344986,milp_assignment,64,0.0,28,/home/dyf/data/MARS-results/storage/ep4_plans/qwen3-vl-30b-a3b-p50.pt,c0f9e05d1bb0c6815f95699c479cf03a5ea76c21c0a8f8dfa5501b6f0ff74279,0.5,0.03792667509481669,3.792667509481669,Optimization terminated successfully. (HiGHS Status 7: Optimal),True,1919.9999999972497,0,True,1920.0,1,0
,4224.0,28,24,4,4,0.0003743499983102083,greedy_pairwise_swap,,,,/home/dyf/data/MARS-results/storage/ep4_plans/qwen3-vl-30b-a3b-p50.pt,c0f9e05d1bb0c6815f95699c479cf03a5ea76c21c0a8f8dfa5501b6f0ff74279,0.5,0.08949152542372882,8.949152542372882,sort initialization with local refinement,,,0,,4224.0,5,1
,4224.0,28,24,4,4,0.0007346628699451685,greedy_full_bijection,,,,/home/dyf/data/MARS-results/storage/ep4_plans/qwen3-vl-30b-a3b-p50.pt,c0f9e05d1bb0c6815f95699c479cf03a5ea76c21c0a8f8dfa5501b6f0ff74279,0.5,0.08949152542372882,8.949152542372882,sort initialization with local refinement,,,0,,4224.0,5,1
2560.0,2560.0,28,24,4,4,0.212281882064417,milp_assignment,64,0.0,31,/home/dyf/data/MARS-results/storage/ep4_plans/qwen3-vl-30b-a3b-p50.pt,c0f9e05d1bb0c6815f95699c479cf03a5ea76c21c0a8f8dfa5501b6f0ff74279,0.5,0.05423728813559322,5.423728813559322,Optimization terminated successfully. (HiGHS Status 7: Optimal),True,2560.0,0,True,2560.0,1,0
,9856.0,32,28,4,4,0.0005332590080797672,greedy_pairwise_swap,,,,/home/dyf/data/MARS-results/storage/ep4_plans/qwen3-vl-30b-a3b-p50.pt,c0f9e05d1bb0c6815f95699c479cf03a5ea76c21c0a8f8dfa5501b6f0ff74279,0.5,0.19974059662775617,19.974059662775616,sort initialization with local refinement,,,0,,9856.0,5,1
,9856.0,32,28,4,4,0.0012346890289336443,greedy_full_bijection,,,,/home/dyf/data/MARS-results/storage/ep4_plans/qwen3-vl-30b-a3b-p50.pt,c0f9e05d1bb0c6815f95699c479cf03a5ea76c21c0a8f8dfa5501b6f0ff74279,0.5,0.19974059662775617,19.974059662775616,sort initialization with local refinement,,,0,,9856.0,5,1
4095.999999999978,4096.0,32,28,4,4,0.13701726612634957,milp_assignment,64,0.0,34,/home/dyf/data/MARS-results/storage/ep4_plans/qwen3-vl-30b-a3b-p50.pt,c0f9e05d1bb0c6815f95699c479cf03a5ea76c21c0a8f8dfa5501b6f0ff74279,0.5,0.08300907911802853,8.300907911802852,Optimization terminated successfully. (HiGHS Status 7: Optimal),True,4095.999999999978,0,True,4096.0,1,0
,2304.0,36,32,4,4,0.0005478658713400364,greedy_pairwise_swap,,,,/home/dyf/data/MARS-results/storage/ep4_plans/qwen3-vl-30b-a3b-p50.pt,c0f9e05d1bb0c6815f95699c479cf03a5ea76c21c0a8f8dfa5501b6f0ff74279,0.5,0.048354600402955,4.8354600402955,sort initialization with local refinement,,,0,,2304.0,5,1
,2304.0,36,32,4,4,0.0015006761532276869,greedy_full_bijection,,,,/home/dyf/data/MARS-results/storage/ep4_plans/qwen3-vl-30b-a3b-p50.pt,c0f9e05d1bb0c6815f95699c479cf03a5ea76c21c0a8f8dfa5501b6f0ff74279,0.5,0.048354600402955,4.8354600402955,sort initialization with local refinement,,,0,,2304.0,5,1
2303.9999999890715,2304.0,36,32,4,4,0.06619202299043536,milp_assignment,64,0.0,11,/home/dyf/data/MARS-results/storage/ep4_plans/qwen3-vl-30b-a3b-p50.pt,c0f9e05d1bb0c6815f95699c479cf03a5ea76c21c0a8f8dfa5501b6f0ff74279,0.5,0.048354600402955,4.8354600402955,Optimization terminated successfully. (HiGHS Status 7: Optimal),True,2303.9999999890715,0,True,2304.0,1,0
,7424.0,40,36,4,4,0.0003890520893037319,greedy_pairwise_swap,,,,/home/dyf/data/MARS-results/storage/ep4_plans/qwen3-vl-30b-a3b-p50.pt,c0f9e05d1bb0c6815f95699c479cf03a5ea76c21c0a8f8dfa5501b6f0ff74279,0.5,0.14900449582530506,14.900449582530506,sort initialization with local refinement,,,0,,7424.0,5,1
,7424.0,40,36,4,4,0.0007353629916906357,greedy_full_bijection,,,,/home/dyf/data/MARS-results/storage/ep4_plans/qwen3-vl-30b-a3b-p50.pt,c0f9e05d1bb0c6815f95699c479cf03a5ea76c21c0a8f8dfa5501b6f0ff74279,0.5,0.14900449582530506,14.900449582530506,sort initialization with local refinement,,,0,,7424.0,5,1
3584.0,3584.0,40,36,4,4,0.08172662882134318,milp_assignment,64,0.0,10,/home/dyf/data/MARS-results/storage/ep4_plans/qwen3-vl-30b-a3b-p50.pt,c0f9e05d1bb0c6815f95699c479cf03a5ea76c21c0a8f8dfa5501b6f0ff74279,0.5,0.07193320488118175,7.193320488118175,Optimization terminated successfully. (HiGHS Status 7: Optimal),True,3584.0,0,True,3584.0,1,0
,5632.0,44,40,4,4,0.0006890180520713329,greedy_pairwise_swap,,,,/home/dyf/data/MARS-results/storage/ep4_plans/qwen3-vl-30b-a3b-p50.pt,c0f9e05d1bb0c6815f95699c479cf03a5ea76c21c0a8f8dfa5501b6f0ff74279,0.5,0.10532615200478755,10.532615200478755,sort initialization with local refinement,,,0,,5632.0,5,1
,5632.0,44,40,4,4,0.0017605770844966173,greedy_full_bijection,,,,/home/dyf/data/MARS-results/storage/ep4_plans/qwen3-vl-30b-a3b-p50.pt,c0f9e05d1bb0c6815f95699c479cf03a5ea76c21c0a8f8dfa5501b6f0ff74279,0.5,0.10532615200478755,10.532615200478755,sort initialization with local refinement,,,0,,5632.0,5,1
4351.999999998734,4352.0,44,40,4,4,0.12527860514819622,milp_assignment,64,0.0,37,/home/dyf/data/MARS-results/storage/ep4_plans/qwen3-vl-30b-a3b-p50.pt,c0f9e05d1bb0c6815f95699c479cf03a5ea76c21c0a8f8dfa5501b6f0ff74279,0.5,0.08138839018551765,8.138839018551765,Optimization terminated successfully. (HiGHS Status 7: Optimal),True,4351.999999998734,0,True,4352.0,1,0
,10880.0,48,44,4,4,0.0003781199920922518,greedy_pairwise_swap,,,,/home/dyf/data/MARS-results/storage/ep4_plans/qwen3-vl-30b-a3b-p50.pt,c0f9e05d1bb0c6815f95699c479cf03a5ea76c21c0a8f8dfa5501b6f0ff74279,0.5,0.2147820593809223,21.47820593809223,sort initialization with local refinement,,,0,,10880.0,5,1
,10880.0,48,44,4,4,0.0007399909663945436,greedy_full_bijection,,,,/home/dyf/data/MARS-results/storage/ep4_plans/qwen3-vl-30b-a3b-p50.pt,c0f9e05d1bb0c6815f95699c479cf03a5ea76c21c0a8f8dfa5501b6f0ff74279,0.5,0.2147820593809223,21.47820593809223,sort initialization with local refinement,,,0,,10880.0,5,1
2687.999999999978,2688.0,48,44,4,4,0.10567550105042756,milp_assignment,64,0.0,30,/home/dyf/data/MARS-results/storage/ep4_plans/qwen3-vl-30b-a3b-p50.pt,c0f9e05d1bb0c6815f95699c479cf03a5ea76c21c0a8f8dfa5501b6f0ff74279,0.5,0.053063802905874924,5.306380290587493,Optimization terminated successfully. (HiGHS Status 7: Optimal),True,2687.999999999978,0,True,2688.0,1,0
,1664.0,8,0,8,4,0.0008931159973144531,greedy_pairwise_swap,,,,/home/dyf/data/MARS-results/storage/ep4_plans/qwen3-vl-30b-a3b-p50.pt,c0f9e05d1bb0c6815f95699c479cf03a5ea76c21c0a8f8dfa5501b6f0ff74279,0.5,0.017201455507773734,1.7201455507773733,sort initialization with local refinement,,,0,,1664.0,5,1
,1664.0,8,0,8,4,0.0015354100614786148,greedy_full_bijection,,,,/home/dyf/data/MARS-results/storage/ep4_plans/qwen3-vl-30b-a3b-p50.pt,c0f9e05d1bb0c6815f95699c479cf03a5ea76c21c0a8f8dfa5501b6f0ff74279,0.5,0.017201455507773734,1.7201455507773733,sort initialization with local refinement,,,0,,1664.0,5,1
127.9999999414431,128.0,8,0,8,4,42.85702012502588,milp_assignment,128,0.0,156182,/home/dyf/data/MARS-results/storage/ep4_plans/qwen3-vl-30b-a3b-p50.pt,c0f9e05d1bb0c6815f95699c479cf03a5ea76c21c0a8f8dfa5501b6f0ff74279,0.5,0.0013231888852133643,0.13231888852133644,Optimization terminated successfully. (HiGHS Status 7: Optimal),True,127.9999999414431,0,True,128.0,1,0
,3328.0,16,8,8,4,0.0014082109555602074,greedy_pairwise_swap,,,,/home/dyf/data/MARS-results/storage/ep4_plans/qwen3-vl-30b-a3b-p50.pt,c0f9e05d1bb0c6815f95699c479cf03a5ea76c21c0a8f8dfa5501b6f0ff74279,0.5,0.035825008611780916,3.5825008611780915,sort initialization with local refinement,,,0,,3328.0,5,1
,2688.0,16,8,8,4,0.002694159047678113,greedy_full_bijection,,,,/home/dyf/data/MARS-results/storage/ep4_plans/qwen3-vl-30b-a3b-p50.pt,c0f9e05d1bb0c6815f95699c479cf03a5ea76c21c0a8f8dfa5501b6f0ff74279,0.5,0.028935583878746125,2.8935583878746125,sort initialization with local refinement,,,0,,2688.0,5,1
127.99999997229315,128.0,16,8,8,4,33.06401346391067,milp_assignment,128,0.0,106037,/home/dyf/data/MARS-results/storage/ep4_plans/qwen3-vl-30b-a3b-p50.pt,c0f9e05d1bb0c6815f95699c479cf03a5ea76c21c0a8f8dfa5501b6f0ff74279,0.5,0.0013778849466069584,0.13778849466069584,Optimization terminated successfully. (HiGHS Status 7: Optimal),True,127.99999997229315,0,True,128.0,1,0
,4736.0,24,16,8,4,0.0010911740828305483,greedy_pairwise_swap,,,,/home/dyf/data/MARS-results/storage/ep4_plans/qwen3-vl-30b-a3b-p50.pt,c0f9e05d1bb0c6815f95699c479cf03a5ea76c21c0a8f8dfa5501b6f0ff74279,0.5,0.04640953276889307,4.640953276889307,sort initialization with local refinement,,,0,,4736.0,5,1
,4736.0,24,16,8,4,0.0026591720525175333,greedy_full_bijection,,,,/home/dyf/data/MARS-results/storage/ep4_plans/qwen3-vl-30b-a3b-p50.pt,c0f9e05d1bb0c6815f95699c479cf03a5ea76c21c0a8f8dfa5501b6f0ff74279,0.5,0.04640953276889307,4.640953276889307,sort initialization with local refinement,,,0,,4736.0,5,1
127.99999996705446,128.0,24,16,8,4,57.069918429944664,milp_assignment,128,0.0,152572,/home/dyf/data/MARS-results/storage/ep4_plans/qwen3-vl-30b-a3b-p50.pt,c0f9e05d1bb0c6815f95699c479cf03a5ea76c21c0a8f8dfa5501b6f0ff74279,0.5,0.0012543116964565694,0.12543116964565695,Optimization terminated successfully. (HiGHS Status 7: Optimal),True,127.99999996705446,0,True,128.0,1,0
,1536.0,32,24,8,4,0.001405256101861596,greedy_pairwise_swap,,,,/home/dyf/data/MARS-results/storage/ep4_plans/qwen3-vl-30b-a3b-p50.pt,c0f9e05d1bb0c6815f95699c479cf03a5ea76c21c0a8f8dfa5501b6f0ff74279,0.5,0.015909844216108717,1.5909844216108717,sort initialization with local refinement,,,0,,1536.0,5,1
,1536.0,32,24,8,4,0.0038120700046420097,greedy_full_bijection,,,,/home/dyf/data/MARS-results/storage/ep4_plans/qwen3-vl-30b-a3b-p50.pt,c0f9e05d1bb0c6815f95699c479cf03a5ea76c21c0a8f8dfa5501b6f0ff74279,0.5,0.015909844216108717,1.5909844216108717,sort initialization with local refinement,,,0,,1536.0,5,1
127.99999999834108,128.0,32,24,8,4,19.642187546007335,milp_assignment,128,0.0,60780,/home/dyf/data/MARS-results/storage/ep4_plans/qwen3-vl-30b-a3b-p50.pt,c0f9e05d1bb0c6815f95699c479cf03a5ea76c21c0a8f8dfa5501b6f0ff74279,0.5,0.001325820351342393,0.1325820351342393,Optimization terminated successfully. (HiGHS Status 7: Optimal),True,127.99999999834108,0,True,128.0,1,0
,2048.0,40,32,8,4,0.0010518219787627459,greedy_pairwise_swap,,,,/home/dyf/data/MARS-results/storage/ep4_plans/qwen3-vl-30b-a3b-p50.pt,c0f9e05d1bb0c6815f95699c479cf03a5ea76c21c0a8f8dfa5501b6f0ff74279,0.5,0.021011162179908074,2.1011162179908074,sort initialization with local refinement,,,0,,2048.0,5,1
,2048.0,40,32,8,4,0.0026857960037887096,greedy_full_bijection,,,,/home/dyf/data/MARS-results/storage/ep4_plans/qwen3-vl-30b-a3b-p50.pt,c0f9e05d1bb0c6815f95699c479cf03a5ea76c21c0a8f8dfa5501b6f0ff74279,0.5,0.021011162179908074,2.1011162179908074,sort initialization with local refinement,,,0,,2048.0,5,1
127.99999986411422,128.0,40,32,8,4,11.075722296955064,milp_assignment,128,0.0,31701,/home/dyf/data/MARS-results/storage/ep4_plans/qwen3-vl-30b-a3b-p50.pt,c0f9e05d1bb0c6815f95699c479cf03a5ea76c21c0a8f8dfa5501b6f0ff74279,0.5,0.0013131976362442547,0.13131976362442546,Optimization terminated successfully. (HiGHS Status 7: Optimal),True,127.99999986411422,0,True,128.0,1,0
,7552.0,48,40,8,4,0.0010678779799491167,greedy_pairwise_swap,,,,/home/dyf/data/MARS-results/storage/ep4_plans/qwen3-vl-30b-a3b-p50.pt,c0f9e05d1bb0c6815f95699c479cf03a5ea76c21c0a8f8dfa5501b6f0ff74279,0.5,0.0725261216963737,7.252612169637369,sort initialization with local refinement,,,0,,7552.0,5,1
,7552.0,48,40,8,4,0.002668977016583085,greedy_full_bijection,,,,/home/dyf/data/MARS-results/storage/ep4_plans/qwen3-vl-30b-a3b-p50.pt,c0f9e05d1bb0c6815f95699c479cf03a5ea76c21c0a8f8dfa5501b6f0ff74279,0.5,0.0725261216963737,7.252612169637369,sort initialization with local refinement,,,0,,7552.0,5,1
127.99999935632513,128.0,48,40,8,4,30.23382543795742,milp_assignment,128,0.0,96665,/home/dyf/data/MARS-results/storage/ep4_plans/qwen3-vl-30b-a3b-p50.pt,c0f9e05d1bb0c6815f95699c479cf03a5ea76c21c0a8f8dfa5501b6f0ff74279,0.5,0.001229256299938537,0.1229256299938537,Optimization terminated successfully. (HiGHS Status 7: Optimal),True,127.99999935632513,0,True,128.0,1,0
,512.0,12,0,12,4,0.0015964088961482048,greedy_pairwise_swap,,,,/home/dyf/data/MARS-results/storage/ep4_plans/qwen3-vl-30b-a3b-p50.pt,c0f9e05d1bb0c6815f95699c479cf03a5ea76c21c0a8f8dfa5501b6f0ff74279,0.5,0.0035738217556399374,0.35738217556399376,sort initialization with local refinement,,,0,,512.0,5,1
,512.0,12,0,12,4,0.004131061024963856,greedy_full_bijection,,,,/home/dyf/data/MARS-results/storage/ep4_plans/qwen3-vl-30b-a3b-p50.pt,c0f9e05d1bb0c6815f95699c479cf03a5ea76c21c0a8f8dfa5501b6f0ff74279,0.5,0.0035738217556399374,0.35738217556399376,sort initialization with local refinement,,,0,,512.0,5,1
24.000000080879545,128.0,12,0,12,4,300.0436856630258,milp_assignment,192,0.8124999984934362,783414,/home/dyf/data/MARS-results/storage/ep4_plans/qwen3-vl-30b-a3b-p50.pt,c0f9e05d1bb0c6815f95699c479cf03a5ea76c21c0a8f8dfa5501b6f0ff74279,0.5,0.0008934554389099843,0.08934554389099844,Time limit reached. (HiGHS Status 13: Time limit reached),False,127.99999940287671,1,False,128.0,1,0
,1152.0,24,12,12,4,0.002632063115015626,greedy_pairwise_swap,,,,/home/dyf/data/MARS-results/storage/ep4_plans/qwen3-vl-30b-a3b-p50.pt,c0f9e05d1bb0c6815f95699c479cf03a5ea76c21c0a8f8dfa5501b6f0ff74279,0.5,0.007761966364812419,0.7761966364812419,sort initialization with local refinement,,,0,,1152.0,5,1
,1152.0,24,12,12,4,0.0076703650411218405,greedy_full_bijection,,,,/home/dyf/data/MARS-results/storage/ep4_plans/qwen3-vl-30b-a3b-p50.pt,c0f9e05d1bb0c6815f95699c479cf03a5ea76c21c0a8f8dfa5501b6f0ff74279,0.5,0.007761966364812419,0.7761966364812419,sort initialization with local refinement,,,0,,1152.0,5,1
0.0,128.0,24,12,12,4,300.0384600451216,milp_assignment,192,1.0,705697,/home/dyf/data/MARS-results/storage/ep4_plans/qwen3-vl-30b-a3b-p50.pt,c0f9e05d1bb0c6815f95699c479cf03a5ea76c21c0a8f8dfa5501b6f0ff74279,0.5,0.0008624407072013799,0.086244070720138,Time limit reached. (HiGHS Status 13: Time limit reached),False,127.99999926085002,1,False,128.0,1,0
,1280.0,36,24,12,4,0.0015853890217840672,greedy_pairwise_swap,,,,/home/dyf/data/MARS-results/storage/ep4_plans/qwen3-vl-30b-a3b-p50.pt,c0f9e05d1bb0c6815f95699c479cf03a5ea76c21c0a8f8dfa5501b6f0ff74279,0.5,0.00887705281846427,0.887705281846427,sort initialization with local refinement,,,0,,1280.0,5,1
,1280.0,36,24,12,4,0.004115883028134704,greedy_full_bijection,,,,/home/dyf/data/MARS-results/storage/ep4_plans/qwen3-vl-30b-a3b-p50.pt,c0f9e05d1bb0c6815f95699c479cf03a5ea76c21c0a8f8dfa5501b6f0ff74279,0.5,0.00887705281846427,0.887705281846427,sort initialization with local refinement,,,0,,1280.0,5,1
1.0,128.0,36,24,12,4,300.048653483158,milp_assignment,192,0.9921874999414015,829168,/home/dyf/data/MARS-results/storage/ep4_plans/qwen3-vl-30b-a3b-p50.pt,c0f9e05d1bb0c6815f95699c479cf03a5ea76c21c0a8f8dfa5501b6f0ff74279,0.5,0.000887705281846427,0.08877052818464269,Time limit reached. (HiGHS Status 13: Time limit reached),False,127.99999903992284,1,False,128.0,1,0
,1280.0,48,36,12,4,0.0021366190630942583,greedy_pairwise_swap,,,,/home/dyf/data/MARS-results/storage/ep4_plans/qwen3-vl-30b-a3b-p50.pt,c0f9e05d1bb0c6815f95699c479cf03a5ea76c21c0a8f8dfa5501b6f0ff74279,0.5,0.008314279775514447,0.8314279775514447,sort initialization with local refinement,,,0,,1280.0,5,1
,1280.0,48,36,12,4,0.004108135122805834,greedy_full_bijection,,,,/home/dyf/data/MARS-results/storage/ep4_plans/qwen3-vl-30b-a3b-p50.pt,c0f9e05d1bb0c6815f95699c479cf03a5ea76c21c0a8f8dfa5501b6f0ff74279,0.5,0.008314279775514447,0.8314279775514447,sort initialization with local refinement,,,0,,1280.0,5,1
28.0,128.0,48,36,12,4,300.04948173696175,milp_assignment,192,0.7812499992758148,897109,/home/dyf/data/MARS-results/storage/ep4_plans/qwen3-vl-30b-a3b-p50.pt,c0f9e05d1bb0c6815f95699c479cf03a5ea76c21c0a8f8dfa5501b6f0ff74279,0.5,0.0008314279775514446,0.08314279775514445,Time limit reached. (HiGHS Status 13: Time limit reached),False,127.99999957624823,1,False,128.0,1,0
,1024.0,16,0,16,4,0.0021374209318310022,greedy_pairwise_swap,,,,/home/dyf/data/MARS-results/storage/ep4_plans/qwen3-vl-30b-a3b-p50.pt,c0f9e05d1bb0c6815f95699c479cf03a5ea76c21c0a8f8dfa5501b6f0ff74279,0.5,0.005399932500843739,0.5399932500843739,sort initialization with local refinement,,,0,,1024.0,5,1
,1024.0,16,0,16,4,0.005529746180400252,greedy_full_bijection,,,,/home/dyf/data/MARS-results/storage/ep4_plans/qwen3-vl-30b-a3b-p50.pt,c0f9e05d1bb0c6815f95699c479cf03a5ea76c21c0a8f8dfa5501b6f0ff74279,0.5,0.005399932500843739,0.5399932500843739,sort initialization with local refinement,,,0,,1024.0,5,1
5.0640664994716644e-09,128.0,16,0,16,4,300.0322745880112,milp_assignment,256,0.999999999960437,365063,/home/dyf/data/MARS-results/storage/ep4_plans/qwen3-vl-30b-a3b-p50.pt,c0f9e05d1bb0c6815f95699c479cf03a5ea76c21c0a8f8dfa5501b6f0ff74279,0.5,0.0006749915626054674,0.06749915626054674,Time limit reached. (HiGHS Status 13: Time limit reached),False,127.99999859117088,1,False,128.0,1,0
,1024.0,32,16,16,4,0.0028246601577848196,greedy_pairwise_swap,,,,/home/dyf/data/MARS-results/storage/ep4_plans/qwen3-vl-30b-a3b-p50.pt,c0f9e05d1bb0c6815f95699c479cf03a5ea76c21c0a8f8dfa5501b6f0ff74279,0.5,0.00515630035449565,0.515630035449565,sort initialization with local refinement,,,0,,1024.0,5,1
,1024.0,32,16,16,4,0.007984754163771868,greedy_full_bijection,,,,/home/dyf/data/MARS-results/storage/ep4_plans/qwen3-vl-30b-a3b-p50.pt,c0f9e05d1bb0c6815f95699c479cf03a5ea76c21c0a8f8dfa5501b6f0ff74279,0.5,0.00515630035449565,0.515630035449565,sort initialization with local refinement,,,0,,1024.0,5,1
0.0,128.0,32,16,16,4,300.0314516159706,milp_assignment,256,1.0,377536,/home/dyf/data/MARS-results/storage/ep4_plans/qwen3-vl-30b-a3b-p50.pt,c0f9e05d1bb0c6815f95699c479cf03a5ea76c21c0a8f8dfa5501b6f0ff74279,0.5,0.0006445375443119562,0.06445375443119562,Time limit reached. (HiGHS Status 13: Time limit reached),False,127.99999916250817,1,False,128.0,1,0
,1792.0,48,32,16,4,0.0028307971078902483,greedy_pairwise_swap,,,,/home/dyf/data/MARS-results/storage/ep4_plans/qwen3-vl-30b-a3b-p50.pt,c0f9e05d1bb0c6815f95699c479cf03a5ea76c21c0a8f8dfa5501b6f0ff74279,0.5,0.008888888888888889,0.8888888888888888,sort initialization with local refinement,,,0,,1792.0,5,1
,1792.0,48,32,16,4,0.005539280129596591,greedy_full_bijection,,,,/home/dyf/data/MARS-results/storage/ep4_plans/qwen3-vl-30b-a3b-p50.pt,c0f9e05d1bb0c6815f95699c479cf03a5ea76c21c0a8f8dfa5501b6f0ff74279,0.5,0.008888888888888889,0.8888888888888888,sort initialization with local refinement,,,0,,1792.0,5,1
0.0,0.0,48,32,16,4,1.6875581878703088,milp_assignment,256,0.0,872,/home/dyf/data/MARS-results/storage/ep4_plans/qwen3-vl-30b-a3b-p50.pt,c0f9e05d1bb0c6815f95699c479cf03a5ea76c21c0a8f8dfa5501b6f0ff74279,0.5,0.0,0.0,Optimization terminated successfully. (HiGHS Status 7: Optimal),True,0.0,0,True,0.0,1,0
,1024.0,24,0,24,4,0.0031622289679944515,greedy_pairwise_swap,,,,/home/dyf/data/MARS-results/storage/ep4_plans/qwen3-vl-30b-a3b-p50.pt,c0f9e05d1bb0c6815f95699c479cf03a5ea76c21c0a8f8dfa5501b6f0ff74279,0.5,0.003510696653867252,0.3510696653867252,sort initialization with local refinement,,,0,,1024.0,5,1
,512.0,24,0,24,4,0.008458463940769434,greedy_full_bijection,,,,/home/dyf/data/MARS-results/storage/ep4_plans/qwen3-vl-30b-a3b-p50.pt,c0f9e05d1bb0c6815f95699c479cf03a5ea76c21c0a8f8dfa5501b6f0ff74279,0.5,0.001755348326933626,0.1755348326933626,sort initialization with local refinement,,,0,,512.0,5,1
25.0,128.0,24,0,24,4,300.04482519393787,milp_assignment,384,0.8046874986148858,278502,/home/dyf/data/MARS-results/storage/ep4_plans/qwen3-vl-30b-a3b-p50.pt,c0f9e05d1bb0c6815f95699c479cf03a5ea76c21c0a8f8dfa5501b6f0ff74279,0.5,0.0004388370817334065,0.04388370817334065,Time limit reached. (HiGHS Status 13: Time limit reached),False,127.99999909225153,1,False,128.0,1,0
,1920.0,48,24,24,4,0.003158467821776867,greedy_pairwise_swap,,,,/home/dyf/data/MARS-results/storage/ep4_plans/qwen3-vl-30b-a3b-p50.pt,c0f9e05d1bb0c6815f95699c479cf03a5ea76c21c0a8f8dfa5501b6f0ff74279,0.5,0.0064398411505849525,0.6439841150584953,sort initialization with local refinement,,,0,,1920.0,5,1
,1920.0,48,24,24,4,0.008384432876482606,greedy_full_bijection,,,,/home/dyf/data/MARS-results/storage/ep4_plans/qwen3-vl-30b-a3b-p50.pt,c0f9e05d1bb0c6815f95699c479cf03a5ea76c21c0a8f8dfa5501b6f0ff74279,0.5,0.0064398411505849525,0.6439841150584953,sort initialization with local refinement,,,0,,1920.0,5,1
24.000000009837095,128.0,48,24,24,4,300.0364340529777,milp_assignment,384,0.8124999984118233,259611,/home/dyf/data/MARS-results/storage/ep4_plans/qwen3-vl-30b-a3b-p50.pt,c0f9e05d1bb0c6815f95699c479cf03a5ea76c21c0a8f8dfa5501b6f0ff74279,0.5,0.00042932274337233016,0.04293227433723302,Time limit reached. (HiGHS Status 13: Time limit reached),False,127.99999896826921,1,False,128.0,1,0
,768.0,32,0,32,4,0.005679326830431819,greedy_pairwise_swap,,,,/home/dyf/data/MARS-results/storage/ep4_plans/qwen3-vl-30b-a3b-p50.pt,c0f9e05d1bb0c6815f95699c479cf03a5ea76c21c0a8f8dfa5501b6f0ff74279,0.5,0.0019782393669634025,0.19782393669634024,sort initialization with local refinement,,,0,,768.0,5,1
,768.0,32,0,32,4,0.01628246298059821,greedy_full_bijection,,,,/home/dyf/data/MARS-results/storage/ep4_plans/qwen3-vl-30b-a3b-p50.pt,c0f9e05d1bb0c6815f95699c479cf03a5ea76c21c0a8f8dfa5501b6f0ff74279,0.5,0.0019782393669634025,0.19782393669634024,sort initialization with local refinement,,,0,,768.0,5,1
0.0,0.0,32,0,32,4,0.49188446602784097,milp_assignment,512,0.0,102,/home/dyf/data/MARS-results/storage/ep4_plans/qwen3-vl-30b-a3b-p50.pt,c0f9e05d1bb0c6815f95699c479cf03a5ea76c21c0a8f8dfa5501b6f0ff74279,0.5,0.0,0.0,Optimization terminated successfully. (HiGHS Status 7: Optimal),True,0.0,0,True,0.0,1,0
,256.0,48,0,48,4,0.006259167101234198,greedy_pairwise_swap,,,,/home/dyf/data/MARS-results/storage/ep4_plans/qwen3-vl-30b-a3b-p50.pt,c0f9e05d1bb0c6815f95699c479cf03a5ea76c21c0a8f8dfa5501b6f0ff74279,0.5,0.00043402777777777775,0.043402777777777776,sort initialization with local refinement,,,0,,256.0,5,1
,256.0,48,0,48,4,0.017208378994837403,greedy_full_bijection,,,,/home/dyf/data/MARS-results/storage/ep4_plans/qwen3-vl-30b-a3b-p50.pt,c0f9e05d1bb0c6815f95699c479cf03a5ea76c21c0a8f8dfa5501b6f0ff74279,0.5,0.00043402777777777775,0.043402777777777776,sort initialization with local refinement,,,0,,256.0,5,1
0.0,0.0,48,0,48,4,0.22276480100117624,milp_assignment,768,0.0,1,/home/dyf/data/MARS-results/storage/ep4_plans/qwen3-vl-30b-a3b-p50.pt,c0f9e05d1bb0c6815f95699c479cf03a5ea76c21c0a8f8dfa5501b6f0ff74279,0.5,0.0,0.0,Optimization terminated successfully. (HiGHS Status 7: Optimal),True,0.0,0,True,0.0,1,0
