layer,expert,beta_global,signed_residual,absolute_residual,signed_residual_over_abs_g0_pct,ratio_deviation_percentage_points
0,0,0.0,0.0,0.0,0.0,0.0
0,1,0.0,0.0,0.0,0.0,0.0
0,2,0.0,0.0,0.0,0.0,0.0
0,3,0.0,0.0,0.0,0.0,0.0
0,4,0.0,0.0,0.0,0.0,0.0
0,5,0.0,0.0,0.0,0.0,0.0
0,6,0.0,0.0,0.0,0.0,0.0
0,7,0.0,0.0,0.0,0.0,0.0
0,8,0.0,0.0,0.0,0.0,0.0
0,9,0.0,0.0,0.0,0.0,0.0
0,10,0.0,0.0,0.0,0.0,0.0
0,11,0.0,0.0,0.0,0.0,0.0
0,12,0.0,0.0,0.0,0.0,0.0
0,13,0.0,0.0,0.0,0.0,0.0
0,14,0.0,0.0,0.0,0.0,0.0
0,15,0.0,0.0,0.0,0.0,0.0
0,16,0.0,0.0,0.0,0.0,0.0
0,17,0.0,0.0,0.0,0.0,0.0
0,18,0.0,0.0,0.0,0.0,0.0
0,19,0.0,0.0,0.0,0.0,0.0
0,20,0.0,0.0,0.0,0.0,0.0
0,21,0.0,0.0,0.0,0.0,0.0
0,22,0.0,0.0,0.0,0.0,0.0
0,23,0.0,0.0,0.0,0.0,0.0
0,24,0.0,0.0,0.0,0.0,0.0
0,25,0.0,0.0,0.0,0.0,0.0
0,26,0.0,0.0,0.0,0.0,0.0
0,27,0.0,0.0,0.0,0.0,0.0
0,28,0.0,0.0,0.0,0.0,0.0
0,29,0.0,0.0,0.0,0.0,0.0
0,30,0.0,0.0,0.0,0.0,0.0
0,31,0.0,0.0,0.0,0.0,0.0
0,32,0.0,0.0,0.0,0.0,0.0
0,33,0.0,0.0,0.0,0.0,0.0
0,34,0.0,0.0,0.0,0.0,0.0
0,35,0.0,0.0,0.0,0.0,0.0
0,36,0.0,0.0,0.0,0.0,0.0
0,37,0.0,0.0,0.0,0.0,0.0
0,38,0.0,0.0,0.0,0.0,0.0
0,39,0.0,0.0,0.0,0.0,0.0
0,40,0.0,0.0,0.0,0.0,0.0
0,41,0.0,0.0,0.0,0.0,0.0
0,42,0.0,0.0,0.0,0.0,0.0
0,43,0.0,0.0,0.0,0.0,0.0
0,44,0.0,0.0,0.0,0.0,0.0
0,45,0.0,0.0,0.0,0.0,0.0
0,46,0.0,0.0,0.0,0.0,0.0
0,47,0.0,0.0,0.0,0.0,0.0
0,48,0.0,0.0,0.0,0.0,0.0
0,49,0.0,0.0,0.0,0.0,0.0
0,50,0.0,0.0,0.0,0.0,0.0
0,51,0.0,0.0,0.0,0.0,0.0
0,52,0.0,0.0,0.0,0.0,0.0
0,53,0.0,0.0,0.0,0.0,0.0
0,54,0.0,0.0,0.0,0.0,0.0
0,55,0.0,0.0,0.0,0.0,0.0
0,56,0.0,0.0,0.0,0.0,0.0
0,57,0.0,0.0,0.0,0.0,0.0
0,58,0.0,0.0,0.0,0.0,0.0
0,59,0.0,0.0,0.0,0.0,0.0
0,60,0.0,0.0,0.0,0.0,0.0
0,61,0.0,0.0,0.0,0.0,0.0
0,62,0.0,0.0,0.0,0.0,0.0
0,63,0.0,0.0,0.0,0.0,0.0
0,64,0.0,0.0,0.0,0.0,0.0
0,65,0.0,0.0,0.0,0.0,0.0
0,66,0.0,0.0,0.0,0.0,0.0
0,67,0.0,0.0,0.0,0.0,0.0
0,68,0.0,0.0,0.0,0.0,0.0
0,69,0.0,0.0,0.0,0.0,0.0
0,70,0.0,0.0,0.0,0.0,0.0
0,71,0.0,0.0,0.0,0.0,0.0
0,72,0.0,0.0,0.0,0.0,0.0
0,73,0.0,0.0,0.0,0.0,0.0
0,74,0.0,0.0,0.0,0.0,0.0
0,75,0.0,0.0,0.0,0.0,0.0
0,76,0.0,0.0,0.0,0.0,0.0
0,77,0.0,0.0,0.0,0.0,0.0
0,78,0.0,0.0,0.0,0.0,0.0
0,79,0.0,0.0,0.0,0.0,0.0
0,80,0.0,0.0,0.0,0.0,0.0
0,81,0.0,0.0,0.0,0.0,0.0
0,82,0.0,0.0,0.0,0.0,0.0
0,83,0.0,0.0,0.0,0.0,0.0
0,84,0.0,0.0,0.0,0.0,0.0
0,85,0.0,0.0,0.0,0.0,0.0
0,86,0.0,0.0,0.0,0.0,0.0
0,87,0.0,0.0,0.0,0.0,0.0
0,88,0.0,0.0,0.0,0.0,0.0
0,89,0.0,0.0,0.0,0.0,0.0
0,90,0.0,0.0,0.0,0.0,0.0
0,91,0.0,0.0,0.0,0.0,0.0
0,92,0.0,0.0,0.0,0.0,0.0
0,93,0.0,0.0,0.0,0.0,0.0
0,94,0.0,0.0,0.0,0.0,0.0
0,95,0.0,0.0,0.0,0.0,0.0
0,96,0.0,0.0,0.0,0.0,0.0
0,97,0.0,0.0,0.0,0.0,0.0
0,98,0.0,0.0,0.0,0.0,0.0
0,99,0.0,0.0,0.0,0.0,0.0
0,100,0.0,0.0,0.0,0.0,0.0
0,101,0.0,0.0,0.0,0.0,0.0
0,102,0.0,0.0,0.0,0.0,0.0
0,103,0.0,0.0,0.0,0.0,0.0
0,104,0.0,0.0,0.0,0.0,0.0
0,105,0.0,0.0,0.0,0.0,0.0
0,106,0.0,0.0,0.0,0.0,0.0
0,107,0.0,0.0,0.0,0.0,0.0
0,108,0.0,0.0,0.0,0.0,0.0
0,109,0.0,0.0,0.0,0.0,0.0
0,110,0.0,0.0,0.0,0.0,0.0
0,111,0.0,0.0,0.0,0.0,0.0
0,112,0.0,0.0,0.0,0.0,0.0
0,113,0.0,0.0,0.0,0.0,0.0
0,114,0.0,0.0,0.0,0.0,0.0
0,115,0.0,0.0,0.0,0.0,0.0
0,116,0.0,0.0,0.0,0.0,0.0
0,117,0.0,0.0,0.0,0.0,0.0
0,118,0.0,0.0,0.0,0.0,0.0
0,119,0.0,0.0,0.0,0.0,0.0
0,120,0.0,0.0,0.0,0.0,0.0
0,121,0.0,0.0,0.0,0.0,0.0
0,122,0.0,0.0,0.0,0.0,0.0
0,123,0.0,0.0,0.0,0.0,0.0
0,124,0.0,0.0,0.0,0.0,0.0
0,125,0.0,0.0,0.0,0.0,0.0
0,126,0.0,0.0,0.0,0.0,0.0
0,127,0.0,0.0,0.0,0.0,0.0
0,0,0.25,7.593925488436071e-11,7.593925488436071e-11,0.08304486170845135,-0.08304486170844427
0,1,0.25,2.2423023438022938e-09,2.2423023438022938e-09,0.43494003986536894,-0.4349400398653671
0,2,0.25,2.635520246485612e-09,2.635520246485612e-09,0.6105008185021481,-0.6105008185021461
0,3,0.25,2.0663470934323414e-10,2.0663470934323414e-10,0.0772682511096405,-0.07726825110964342
0,4,0.25,-2.6833646415980184e-11,2.6833646415980184e-11,-0.01167372427507146,0.011673724275070185
0,5,0.25,1.3464784842653899e-12,1.3464784842653899e-12,0.0012652055000853262,-0.0012652055000899054
0,6,0.25,1.2823475614709423e-10,1.2823475614709423e-10,0.18410781170441604,-0.18410781170442192
0,7,0.25,3.4073366350639844e-10,3.4073366350639844e-10,0.09092947313316031,-0.09092947313315847
0,8,0.25,-7.575629012990248e-11,7.575629012990248e-11,-0.03557510819847959,0.035575108198486305
0,9,0.25,2.142952482131477e-12,2.142952482131477e-12,0.011229786210283315,-0.011229786210279258
0,10,0.25,1.4353940258615694e-10,1.4353940258615694e-10,0.13137785931032814,-0.13137785931033363
0,11,0.25,3.1592062299523604e-11,3.1592062299523604e-11,0.048103652182850544,-0.048103652182845735
0,12,0.25,2.2885870976097067e-10,2.2885870976097067e-10,0.13613143612938206,-0.13613143612937506
0,13,0.25,-1.673221561304672e-10,1.673221561304672e-10,-0.0350298406312949,0.03502984063129588
0,14,0.25,3.6341418763186084e-10,3.6341418763186084e-10,0.13074408944484708,-0.13074408944484617
0,15,0.25,6.993072787508936e-12,6.993072787508936e-12,0.02058315461137169,-0.020583154611372834
0,16,0.25,1.6733480379116372e-08,1.6733480379116372e-08,1.2175395913317755,-1.2175395913317715
0,17,0.25,1.9279511320746678e-10,1.9279511320746678e-10,0.06554977620525851,-0.06554977620525904
0,18,0.25,-5.149658477421326e-12,5.149658477421326e-12,-0.003942026027869349,0.003942026027871748
0,19,0.25,-2.9320545991140534e-11,2.9320545991140534e-11,-0.006391303923577569,0.006391303923578562
0,20,0.25,1.142117511676588e-10,1.142117511676588e-10,0.11757421600944785,-0.1175742160094444
0,21,0.25,3.887983268668904e-09,3.887983268668904e-09,0.436429090340395,-0.4364290903403969
0,22,0.25,1.1293188606487092e-11,1.1293188606487092e-11,0.011305804303009568,-0.01130580430300654
0,23,0.25,1.7069012869797007e-11,1.7069012869797007e-11,0.007702995701361246,-0.007702995701365012
0,24,0.25,-1.858957432432362e-12,1.858957432432362e-12,-0.002403594942000209,0.0024035949419953795
0,25,0.25,-1.184208286986177e-11,1.184208286986177e-11,-0.019750327888328065,0.019750327888331753
0,26,0.25,1.2245315872405627e-09,1.2245315872405627e-09,0.6985856940837762,-0.6985856940837749
0,27,0.25,8.020304420597313e-10,8.020304420597313e-10,0.39848322845983436,-0.3984832284598383
0,28,0.25,3.850288976536831e-10,3.850288976536831e-10,0.09822578720206525,-0.0982257872020682
0,29,0.25,5.302425165609748e-12,5.302425165609748e-12,0.004789461682477399,-0.004789461682477736
0,30,0.25,1.9554136088117957e-11,1.9554136088117957e-11,0.010983284972822756,-0.010983284972823526
0,31,0.25,7.807727797626285e-10,7.807727797626285e-10,0.28333239992784415,-0.2833323999278434
0,32,0.25,2.0797763511382072e-10,2.0797763511382072e-10,0.14658955330733406,-0.14658955330733647
0,33,0.25,8.79332162639912e-11,8.79332162639912e-11,0.021873212323769566,-0.021873212323768598
0,34,0.25,6.071729785617208e-10,6.071729785617208e-10,0.10959685308306624,-0.10959685308306177
0,35,0.25,6.11650818882481e-09,6.11650818882481e-09,0.5326083346421338,-0.5326083346421342
0,36,0.25,8.962608433193964e-12,8.962608433193964e-12,0.02120057572452353,-0.02120057572452083
0,37,0.25,-3.567635076251463e-11,3.567635076251463e-11,-0.016299704196565148,0.016299704196569564
0,38,0.25,2.27018404075352e-12,2.27018404075352e-12,0.002881125830352638,-0.002881125830356268
0,39,0.25,7.849720873309707e-12,7.849720873309707e-12,0.006340265567453911,-0.006340265567459369
0,40,0.25,-8.642508930734039e-11,8.642508930734039e-11,-0.041053430365001475,0.04105343036499676
0,41,0.25,4.063060998760193e-11,4.063060998760193e-11,0.03870967960306374,-0.038709679603059044
0,42,0.25,-7.485567721232655e-12,7.485567721232655e-12,-0.005532219467636122,0.0055322194676392655
0,43,0.25,2.0521673249618289e-10,2.0521673249618289e-10,0.3085346701319595,-0.30853467013196223
0,44,0.25,1.724007603343125e-10,1.724007603343125e-10,0.118962557946642,-0.11896255794664512
0,45,0.25,2.3863577780502965e-10,2.3863577780502965e-10,0.13055497116478593,-0.1305549711647842
0,46,0.25,-8.533618256478803e-12,8.533618256478803e-12,-0.007215309769889894,0.007215309769890155
0,47,0.25,4.7555737126003805e-11,4.7555737126003805e-11,0.06618038550967587,-0.06618038550968208
0,48,0.25,1.092068657726486e-10,1.092068657726486e-10,0.2241024565023686,-0.22410245650236504
0,49,0.25,-3.9188208234008926e-11,3.9188208234008926e-11,-0.02658170738014037,0.026581707380145758
0,50,0.25,2.7282567316433415e-09,2.7282567316433415e-09,0.8125760689609519,-0.8125760689609507
0,51,0.25,-9.112710586123285e-12,9.112710586123285e-12,-0.006914633791289664,0.006914633791282654
0,52,0.25,-4.476419235288631e-12,4.476419235288631e-12,-0.003908914596172515,0.003908914596166824
0,53,0.25,1.3947740740150039e-09,1.3947740740150039e-09,0.6668209810700116,-0.6668209810700176
0,54,0.25,-4.2374992403892975e-11,4.2374992403892975e-11,-0.05084623221213146,0.050846232212137465
0,55,0.25,8.625988812127616e-12,8.625988812127616e-12,0.0082228999228375,-0.008222899922841975
0,56,0.25,-4.7130299662967445e-11,4.7130299662967445e-11,-0.025474361570176202,0.025474361570175574
0,57,0.25,5.07483122191843e-09,5.07483122191843e-09,1.0089021735598946,-1.008902173559889
0,58,0.25,-8.033573806187633e-12,8.033573806187633e-12,-0.007429750538137365,0.007429750538136659
0,59,0.25,2.9680435886803025e-10,2.9680435886803025e-10,0.19916778794851672,-0.19916778794851098
0,60,0.25,5.224123356128985e-10,5.224123356128985e-10,0.08770785448095125,-0.08770785448095353
0,61,0.25,8.744311941200067e-10,8.744311941200067e-10,0.33267622714540046,-0.3326762271453987
0,62,0.25,4.523030838754494e-10,4.523030838754494e-10,0.15352927272814976,-0.1535292727281501
0,63,0.25,1.0000462680181954e-09,1.0000462680181954e-09,0.1682360602562987,-0.1682360602563051
0,64,0.25,8.452687438875728e-10,8.452687438875728e-10,0.13276162983663536,-0.13276162983663653
0,65,0.25,1.1393339605092478e-09,1.1393339605092478e-09,0.27067596218115936,-0.2706759621811585
0,66,0.25,2.757793993168889e-11,2.757793993168889e-11,0.02859755806879226,-0.028597558068796047
0,67,0.25,-8.204992241189757e-12,8.204992241189757e-12,-0.003501245667255862,0.003501245667251851
0,68,0.25,3.036788598365092e-10,3.036788598365092e-10,0.08914937078345316,-0.08914937078345986
0,69,0.25,1.1458034521183436e-10,1.1458034521183436e-10,0.07407380696992688,-0.0740738069699205
0,70,0.25,-3.197442310920451e-13,3.197442310920451e-13,-0.0002789570428470579,0.0002789570428518573
0,71,0.25,4.771649741996953e-10,4.771649741996953e-10,0.5439781485302141,-0.5439781485302149
0,72,0.25,2.0961010704922955e-13,2.0961010704922955e-13,0.0003091861403277457,-0.00030918614032771075
0,73,0.25,1.3239054297287112e-10,1.3239054297287112e-10,0.22937732309199804,-0.22937732309199532
0,74,0.25,1.4931167413578805e-11,1.4931167413578805e-11,0.013473057107585411,-0.01347305710758917
0,75,0.25,1.6330545804521535e-09,1.6330545804521535e-09,0.33949435206139805,-0.33949435206139356
0,76,0.25,2.3425705819590803e-13,2.3425705819590803e-13,0.0009048633066316034,-0.0009048633066299772
0,77,0.25,1.4031442674422578e-11,1.4031442674422578e-11,0.00823157780390633,-0.008231577803911705
0,78,0.25,2.2959767420616117e-10,2.2959767420616117e-10,0.15020117000078279,-0.15020117000078415
0,79,0.25,-2.1387336346379016e-11,2.1387336346379016e-11,-0.006634754014180475,0.006634754014186228
0,80,0.25,4.256044405792636e-10,4.256044405792636e-10,0.25368485419447284,-0.25368485419447495
0,81,0.25,1.3006875576593302e-09,1.3006875576593302e-09,0.29650875920975833,-0.2965087592097575
0,82,0.25,3.000550918841327e-10,3.000550918841327e-10,0.040160492088091096,-0.04016049208809136
0,83,0.25,8.729159617359983e-10,8.729159617359983e-10,0.3510411794745892,-0.351041179474592
0,84,0.25,5.323414598024101e-09,5.323414598024101e-09,0.6955270091042626,-0.6955270091042678
0,85,0.25,1.0263789818054647e-11,1.0263789818054647e-11,0.005133911387943081,-0.005133911387943613
0,86,0.25,5.3718807180302974e-11,5.3718807180302974e-11,0.03212916824456322,-0.03212916824456613
0,87,0.25,3.2802915939100785e-10,3.2802915939100785e-10,0.09014496769808579,-0.09014496769808034
0,88,0.25,1.0230039038106042e-11,1.0230039038106042e-11,0.014124124740816547,-0.014124124740817479
0,89,0.25,-8.86402062860725e-13,8.86402062860725e-13,-0.000530255169839137,0.0005302551698349589
0,90,0.25,1.5732837255200138e-10,1.5732837255200138e-10,0.2621503527344169,-0.2621503527344231
0,91,0.25,2.155360334654688e-10,2.155360334654688e-10,0.06339057975945099,-0.0633905797594565
0,92,0.25,-8.428813202954188e-13,8.428813202954188e-13,-0.0009016156610621325,0.0009016156610641701
0,93,0.25,1.9526780192791193e-10,1.9526780192791193e-10,0.07509195393190668,-0.07509195393190282
0,94,0.25,-1.3084644479022245e-11,1.3084644479022245e-11,-0.01597160895811683,0.015971608958111005
0,95,0.25,3.501643419667744e-11,3.501643419667744e-11,0.027138714495161538,-0.027138714495166028
0,96,0.25,-7.739853202792801e-11,7.739853202792801e-11,-0.05872701203718083,0.058727012037181225
0,97,0.25,2.3104540503027238e-10,2.3104540503027238e-10,0.15148990914402397,-0.1514899091440185
0,98,0.25,5.545430781239702e-09,5.545430781239702e-09,0.957444866535044,-0.9574448665350417
0,99,0.25,-4.313704948799568e-11,4.313704948799568e-11,-0.025247270209086157,0.025247270209092676
0,100,0.25,1.7616095249195496e-09,1.7616095249195496e-09,0.6438940128968653,-0.6438940128968653
0,101,0.25,6.494804694057166e-11,6.494804694057166e-11,0.03392806513401607,-0.03392806513402036
0,102,0.25,1.624087531126861e-10,1.624087531126861e-10,0.022017710419358155,-0.022017710419362402
0,103,0.25,8.86659634602438e-10,8.86659634602438e-10,0.7229617979770019,-0.7229617979770069
0,104,0.25,1.9461623423921992e-09,1.9461623423921992e-09,0.27296504913645947,-0.27296504913645947
0,105,0.25,7.847233973734546e-11,7.847233973734546e-11,0.050025619784996735,-0.05002561978500353
0,106,0.25,1.7711911937112745e-08,1.7711911937112745e-08,1.2109159207853764,-1.2109159207853821
0,107,0.25,9.208314111219806e-10,9.208314111219806e-10,0.25980979418300154,-0.2598097941829991
0,108,0.25,-1.1435119517955172e-10,1.1435119517955172e-10,-0.06038683143445731,0.06038683143445667
0,109,0.25,-9.166001291305292e-13,9.166001291305292e-13,-0.0008656678157456252,0.0008656678157450415
0,110,0.25,2.8243860583643254e-09,2.8243860583643254e-09,0.715503249003274,-0.7155032490032767
0,111,0.25,5.218048215738236e-11,5.218048215738236e-11,0.02469576083708835,-0.024695760837090575
0,112,0.25,4.241940132487798e-12,4.241940132487798e-12,0.0017498055869270002,-0.0017498055869253903
0,113,0.25,-1.9586998689646862e-11,1.9586998689646862e-11,-0.031080663376614092,0.031080663376613415
0,114,0.25,2.033092982856033e-08,2.033092982856033e-08,1.500540741827809,-1.5005407418278054
0,115,0.25,3.949921278945112e-09,3.949921278945112e-09,0.295312027935408,-0.29531202793540956
0,116,0.25,4.995115432393504e-11,4.995115432393504e-11,0.026597439169802742,-0.02659743916980517
0,117,0.25,-2.801314735734195e-12,2.801314735734195e-12,-0.0032768556083186337,0.0032768556083198064
0,118,0.25,8.029887865745877e-11,8.029887865745877e-11,0.10051064166431219,-0.10051064166431445
0,119,0.25,-2.2799540033702215e-12,2.2799540033702215e-12,-0.0015486815091530276,0.001548681509149219
0,120,0.25,1.3653433938998205e-09,1.3653433938998205e-09,0.2143060792463296,-0.21430607924632739
0,121,0.25,-2.7542412794900883e-12,2.7542412794900883e-12,-0.011200354366064999,0.0112003543660677
0,122,0.25,8.01438915232211e-11,8.01438915232211e-11,0.04748054546819205,-0.047480545468189916
0,123,0.25,5.2731152777596435e-12,5.2731152777596435e-12,0.008902273637988121,-0.008902273637986013
0,124,0.25,2.2593127368963906e-10,2.2593127368963906e-10,0.044019892666607344,-0.04401989266661133
0,125,0.25,6.680807018710766e-10,6.680807018710766e-10,0.056540025604410134,-0.05654002560440574
0,126,0.25,9.358132047054823e-10,9.358132047054823e-10,0.16532539166241042,-0.16532539166240667
0,127,0.25,1.5248478035800872e-09,1.5248478035800872e-09,0.7744384963865557,-0.7744384963865514
0,0,0.5,9.253930954855605e-11,9.253930954855605e-11,0.10119817709243913,-0.10119817709244217
0,1,0.5,2.7686226644618728e-09,2.7686226644618728e-09,0.5370305460285355,-0.5370305460285323
0,2,0.5,3.3958116318899556e-09,3.3958116318899556e-09,0.7866172849601181,-0.7866172849601156
0,3,0.5,2.672351229193737e-10,2.672351229193737e-10,0.09992895505638785,-0.09992895505638444
0,4,0.5,-3.602806941671588e-11,3.602806941671588e-11,-0.01567367110730831,0.015673671107307996
0,5,0.5,1.7550405573274475e-12,1.7550405573274475e-12,0.0016491069051244095,-0.0016491069051269847
0,6,0.5,1.6466827901240322e-10,1.6466827901240322e-10,0.23641575355226147,-0.23641575355225797
0,7,0.5,4.440607881406322e-10,4.440607881406322e-10,0.11850374010364072,-0.11850374010364106
0,8,0.5,-1.0218315082966001e-10,1.0218315082966001e-10,-0.04798514605973081,0.047985146059730255
0,9,0.5,2.787992059438693e-12,2.787992059438693e-12,0.014610008875382581,-0.014610008875379776
0,10,0.5,1.8739676477252942e-10,1.8739676477252942e-10,0.17151935534020663,-0.1715193553402088
0,11,0.5,4.135003450755903e-11,4.135003450755903e-11,0.06296162810904819,-0.0629616281090506
0,12,0.5,2.966160650430538e-10,2.966160650430538e-10,0.1764353690341536,-0.17643536903415225
0,13,0.5,-2.3083401856638375e-10,2.3083401856638375e-10,-0.04832640858606184,0.04832640858606396
0,14,0.5,4.710045686806552e-10,4.710045686806552e-10,0.16945145663629657,-0.16945145663629546
0,15,0.5,9.083844787483031e-12,9.083844787483031e-12,0.02673705642824715,-0.026737056428245864
0,16,0.5,2.0681795831478667e-08,2.0681795831478667e-08,1.5048217510143251,-1.504821751014326
0,17,0.5,2.5084290200538817e-10,2.5084290200538817e-10,0.0852858551006778,-0.08528585510067899
0,18,0.5,-7.535305712735862e-12,7.535305712735862e-12,-0.005768221597178951,0.00576822159717949
0,19,0.5,-3.949907068090397e-11,3.949907068090397e-11,-0.008610022661133577,0.008610022661130756
0,20,0.5,1.4946976989449468e-10,1.4946976989449468e-10,0.1538702526910745,-0.15387025269107113
0,21,0.5,5.019913373871532e-09,5.019913373871532e-09,0.5634891088655312,-0.5634891088655323
0,22,0.5,1.4440004747484636e-11,1.4440004747484636e-11,0.014456135773364496,-0.01445613577336502
0,23,0.5,1.999822529796802e-11,1.999822529796802e-11,0.009024906400866365,-0.009024906400867394
0,24,0.5,-2.6965096822095802e-12,2.6965096822095802e-12,-0.0034865333224618415,0.0034865333224587403
0,25,0.5,-1.5861978397424537e-11,1.5861978397424537e-11,-0.026454744300431328,0.026454744300430377
0,26,0.5,1.5065850789142132e-09,1.5065850789142132e-09,0.8594950052870984,-0.8594950052871013
0,27,0.5,1.0260663430017303e-09,1.0260663430017303e-09,0.5097939024898691,-0.5097939024898679
0,28,0.5,5.009752612750162e-10,5.009752612750162e-10,0.127805184772806,-0.12780518477280367
0,29,0.5,6.217248937900877e-12,6.217248937900877e-12,0.005615784217310183,-0.005615784217312125
0,30,0.5,2.4158453015843406e-11,2.4158453015843406e-11,0.013569465446074624,-0.013569465446074958
0,31,0.5,1.0127081395694404e-09,1.0127081395694404e-09,0.3674987589832543,-0.36749875898325257
0,32,0.5,2.681304067664314e-10,2.681304067664314e-10,0.1889872270857119,-0.18898722708571114
0,33,0.5,1.1294076784906792e-10,1.1294076784906792e-10,0.02809379094875498,-0.028093790948751973
0,34,0.5,7.928946388346958e-10,7.928946388346958e-10,0.1431202644237626,-0.14312026442376435
0,35,0.5,7.908283805591054e-09,7.908283805591054e-09,0.6886311172228611,-0.6886311172228616
0,36,0.5,1.0872636124759083e-11,1.0872636124759083e-11,0.02571864510274054,-0.025718645102742244
0,37,0.5,-4.794031838173396e-11,4.794031838173396e-11,-0.02190282896120794,0.021902828961209764
0,38,0.5,2.758682171588589e-12,2.758682171588589e-12,0.0035010863963518364,-0.0035010863963549355
0,39,0.5,1.0324185950594256e-11,1.0324185950594256e-11,0.008338905516642257,-0.008338905516644957
0,40,0.5,-1.1598544347179995e-10,1.1598544347179995e-10,-0.05509511607202858,0.05509511607203166
0,41,0.5,5.2660098504020425e-11,5.2660098504020425e-11,0.05017043902561206,-0.05017043902561369
0,42,0.5,-1.0082601420435822e-11,1.0082601420435822e-11,-0.007451560915591512,0.00745156091559096
0,43,0.5,2.6645352591003757e-10,2.6645352591003757e-10,0.40060159677125795,-0.40060159677125995
0,44,0.5,2.233626616998663e-10,2.233626616998663e-10,0.15412805334535418,-0.15412805334535307
0,45,0.5,3.084394961661019e-10,3.084394961661019e-10,0.16874380655924345,-0.1687438065592417
0,46,0.5,-1.1606715588641237e-11,1.1606715588641237e-11,-0.009813662372285713,0.009813662372287979
0,47,0.5,6.03090910544779e-11,6.03090910544779e-11,0.08392844138128253,-0.08392844138128197
0,48,0.5,1.390869641682002e-10,1.390869641682002e-10,0.28541914573797067,-0.28541914573796845
0,49,0.5,-5.255529345049581e-11,5.255529345049581e-11,-0.035648719212584785,0.035648719212588276
0,50,0.5,3.503899392853782e-09,3.503899392853782e-09,1.04359122866154,-1.0435912286615405
0,51,0.5,-1.2185807918285718e-11,1.2185807918285718e-11,-0.009246469358332766,0.009246469358330955
0,52,0.5,-6.092903959142859e-12,6.092903959142859e-12,-0.005320467089234812,0.005320467089234171
0,53,0.5,1.7276455821502168e-09,1.7276455821502168e-09,0.8259619557699682,-0.8259619557699693
0,54,0.5,-5.694111848697503e-11,5.694111848697503e-11,-0.06832429149276353,0.06832429149276464
0,55,0.5,1.1446843473095214e-11,1.1446843473095214e-11,0.010911937212266236,-0.010911937212263467
0,56,0.5,-6.441780442401068e-11,6.441780442401068e-11,-0.03481841730668136,0.034818417306681226
0,57,0.5,6.4373253394478525e-09,6.4373253394478525e-09,1.279772911231119,-1.2797729112311202
0,58,0.5,-1.0864198429771932e-11,1.0864198429771932e-11,-0.010047618417080847,0.010047618417083015
0,59,0.5,3.813838134192338e-10,3.813838134192338e-10,0.25592403955176696,-0.2559240395517648
0,60,0.5,6.679385933239246e-10,6.679385933239246e-10,0.11214027110737242,-0.11214027110737135
0,61,0.5,1.1227427876292495e-09,1.1227427876292495e-09,0.42714605466367656,-0.42714605466367317
0,62,0.5,5.864109198228107e-10,5.864109198228107e-10,0.19905069244461165,-0.19905069244461515
0,63,0.5,1.3007053212277242e-09,1.3007053212277242e-09,0.21881541464216966,-0.21881541464217236
0,64,0.5,1.103714453165594e-09,1.103714453165594e-09,0.1733542506287264,-0.17335425062872645
0,65,0.5,1.472912458666542e-09,1.472912458666542e-09,0.34992549224108493,-0.34992549224108416
0,66,0.5,3.5273117759970773e-11,3.5273117759970773e-11,0.03657724383716637,-0.036577243837164986
0,67,0.5,-1.2292389328649733e-11,1.2292389328649733e-11,-0.005245425420526211,0.005245425420525862
0,68,0.5,3.9389647099596914e-10,3.9389647099596914e-10,0.1156340700239011,-0.11563407002390136
0,69,0.5,1.454516507237713e-10,1.454516507237713e-10,0.09403146306856353,-0.09403146306856058
0,70,0.5,-5.044853423896711e-13,5.044853423896711e-13,-0.0004401322231586913,0.0004401322231615268
0,71,0.5,6.046647627044877e-10,6.046647627044877e-10,0.6893306002795426,-0.6893306002795399
0,72,0.5,-1.0800249583553523e-12,1.0800249583553523e-12,-0.0015930946891463506,0.0015930946891486997
0,73,0.5,1.7173817923321621e-10,1.7173817923321621e-10,0.2975502852441742,-0.2975502852441707
0,74,0.5,1.9330315126353526e-11,1.9330315126353526e-11,0.017442603943221037,-0.01744260394322339
0,75,0.5,2.099497464769229e-09,2.099497464769229e-09,0.43646277349715346,-0.4364627734971549
0,76,0.5,3.0020430585864233e-13,3.0020430585864233e-13,0.0011595973370293153,-0.0011595973370290835
0,77,0.5,1.588063014423824e-11,1.588063014423824e-11,0.009316407844907278,-0.009316407844906394
0,78,0.5,2.942002197414695e-10,2.942002197414695e-10,0.19246369708422031,-0.1924636970842215
0,79,0.5,-2.8691715669992846e-11,2.8691715669992846e-11,-0.0089007098701863,0.008900709870182766
0,80,0.5,5.448477224945236e-10,5.448477224945236e-10,0.32476074462731574,-0.3247607446273193
0,81,0.5,1.684831829606992e-09,1.684831829606992e-09,0.3840794757604043,-0.3840794757604016
0,82,0.5,3.9042902244545985e-10,3.9042902244545985e-10,0.05225647586389518,-0.05225647586389215
0,83,0.5,1.132619331656315e-09,1.132619331656315e-09,0.45548030223853475,-0.4554803022385343
0,84,0.5,6.557556275765819e-09,6.557556275765819e-09,0.8567729263862303,-0.8567729263862276
0,85,0.5,1.34789956973691e-11,1.34789956973691e-11,0.00674214600410386,-0.006742146004100391
0,86,0.5,6.9469763275265e-11,6.9469763275265e-11,0.041549800327647185,-0.04154980032764399
0,87,0.5,4.276827780813619e-10,4.276827780813619e-10,0.11753055821850455,-0.11753055821850467
0,88,0.5,1.3573142609857314e-11,1.3573142609857314e-11,0.01873978766184741,-0.01873978766185047
0,89,0.5,-1.2150280781497713e-12,1.2150280781497713e-12,-0.0007268427578556506,0.0007268427578566161
0,90,0.5,2.0522250565591094e-10,2.0522250565591094e-10,0.3419545462402582,-0.34195454624025956
0,91,0.5,2.79605671948957e-10,2.79605671948957e-10,0.08223388620406659,-0.08223388620406524
0,92,0.5,-1.241673430740775e-12,1.241673430740775e-12,-0.001328196727254859,0.0013281967272575912
0,93,0.5,2.531166387598205e-10,2.531166387598205e-10,0.09733823389976208,-0.09733823389976237
0,94,0.5,-1.751310207964707e-11,1.751310207964707e-11,-0.02137715078985526,0.021377150789852806
0,95,0.5,4.524380869952438e-11,4.524380869952438e-11,0.03506521538068557,-0.03506521538068341
0,96,0.5,-1.0453859999870474e-10,1.0453859999870474e-10,-0.07931984573375009,0.07931984573374962
0,97,0.5,3.0027891284589714e-10,3.0027891284589714e-10,0.19688435361409196,-0.19688435361409518
0,98,0.5,6.9123586854402674e-09,6.9123586854402674e-09,1.1934514377878838,-1.1934514377878855
0,99,0.5,-5.830003146911622e-11,5.830003146911622e-11,-0.03412186658961488,0.034121866589615024
0,100,0.5,2.1841231045982568e-09,2.1841231045982568e-09,0.7983288978553618,-0.7983288978553631
0,101,0.5,8.239808835242002e-11,8.239808835242002e-11,0.043043753280176934,-0.0430437532801804
0,102,0.5,1.98596694644948e-10,1.98596694644948e-10,0.026923699795295113,-0.026923699795297296
0,103,0.5,1.1147545109224666e-09,1.1147545109224666e-09,0.9089450946764277,-0.9089450946764259
0,104,0.5,2.5019630811584648e-09,2.5019630811584648e-09,0.3509206095040128,-0.3509206095040156
0,105,0.5,1.0096457003783144e-10,1.0096457003783144e-10,0.06436427420634834,-0.06436427420634772
0,106,0.5,2.233042550869868e-08,2.233042550869868e-08,1.5266713081232162,-1.5266713081232126
0,107,0.5,1.190940679407504e-09,1.190940679407504e-09,0.33602030628388246,-0.3360203062838849
0,108,0.5,-1.5318590840252e-10,1.5318590840252e-10,-0.08089475247121293,0.08089475247120959
0,109,0.5,-1.2718714970105793e-12,1.2718714970105793e-12,-0.0012011979768873403,0.0012011979768900005
0,110,0.5,3.5966536415799055e-09,3.5966536415799055e-09,0.9111422138870815,-0.9111422138870822
0,111,0.5,6.672706831523101e-11,6.672706831523101e-11,0.03158030842840465,-0.03158030842840276
0,112,0.5,4.554578936222242e-12,4.554578936222242e-12,0.0018787694827809166,-0.0018787694827793189
0,113,0.5,-2.6297186650481308e-11,2.6297186650481308e-11,-0.04172839437966672,0.04172839437966758
0,114,0.5,2.499589868421026e-08,2.499589868421026e-08,1.8448425463339264,-1.844842546333929
0,115,0.5,5.094278776596184e-09,5.094278776596184e-09,0.3808688047541804,-0.3808688047541793
0,116,0.5,6.428280130421626e-11,6.428280130421626e-11,0.03422859632563377,-0.03422859632563302
0,117,0.5,-3.780087354243733e-12,3.780087354243733e-12,-0.004421781061827554,0.004421781061829222
0,118,0.5,1.0253931037595976e-10,1.0253931037595976e-10,0.1283491382945539,-0.12834913829455274
0,119,0.5,-3.440803197918285e-12,3.440803197918285e-12,-0.0023371999090217484,0.0023371999090215922
0,120,0.5,1.759929091349477e-09,1.759929091349477e-09,0.276240764780333,-0.2762407647803329
0,121,0.5,-3.708144902248023e-12,3.708144902248023e-12,-0.015079483869178126,0.015079483869179455
0,122,0.5,1.0414069606667908e-10,1.0414069606667908e-10,0.061697241807261716,-0.06169724180725922
0,123,0.5,7.0112804451127886e-12,7.0112804451127886e-12,0.011836710139511238,-0.011836710139512263
0,124,0.5,2.9259439315865166e-10,2.9259439315865166e-10,0.05700837060471817,-0.05700837060471997
0,125,0.5,8.587619504396571e-10,8.587619504396571e-10,0.0726774812234005,-0.07267748122340123
0,126,0.5,1.2045688890793826e-09,1.2045688890793826e-09,0.21280510081504825,-0.21280510081504644
0,127,0.5,1.898833090763219e-09,1.898833090763219e-09,0.9643778482332117,-0.9643778482332124
0,0,0.75,6.339551106293584e-11,6.339551106293584e-11,0.06932740461010681,-0.06932740461010667
0,1,0.75,1.923389447711088e-09,1.923389447711088e-09,0.3730804123611311,-0.37308041236113
0,2,0.75,2.4622508476568328e-09,2.4622508476568328e-09,0.570364109270868,-0.5703641092708693
0,3,0.75,1.9445600685230602e-10,1.9445600685230602e-10,0.07271419024905426,-0.07271419024905512
0,4,0.75,-2.7206681352254236e-11,2.7206681352254236e-11,-0.011836009598635937,0.0118360095986354
0,5,0.75,1.284305994886381e-12,1.284305994886381e-12,0.0012067857210576397,-0.0012067857210560362
0,6,0.75,1.1898571017354698e-10,1.1898571017354698e-10,0.170828871846722,-0.17082887184672302
0,7,0.75,3.254925218243443e-10,3.254925218243443e-10,0.0868621644650486,-0.08686216446504957
0,8,0.75,-7.751488340090873e-11,7.751488340090873e-11,-0.03640094253891373,0.036400942538914904
0,9,0.75,2.0443646775447633e-12,2.0443646775447633e-12,0.01071315321086711,-0.010713153210868853
0,10,0.75,1.376436742361875e-10,1.376436742361875e-10,0.12598165342024667,-0.12598165342024714
0,11,0.75,3.0448976673369543e-11,3.0448976673369543e-11,0.04636313290764767,-0.04636313290764704
0,12,0.75,2.162998669064109e-10,2.162998669064109e-10,0.12866109202187537,-0.1286610920218756
0,13,0.75,-1.787832104582776e-10,1.787832104582776e-10,-0.03742927723822437,0.037429277238224756
0,14,0.75,3.4351188560322043e-10,3.4351188560322043e-10,0.12358391671315709,-0.12358391671315871
0,15,0.75,6.639577776468286e-12,6.639577776468286e-12,0.019542690327974732,-0.019542690327973844
0,16,0.75,1.4385165059138671e-08,1.4385165059138671e-08,1.0466745465098937,-1.0466745465098946
0,17,0.75,1.8355095221522788e-10,1.8355095221522788e-10,0.06240678842841286,-0.06240678842841163
0,18,0.75,-6.139089236967266e-12,6.139089236967266e-12,-0.004699428062199541,0.004699428062199473
0,19,0.75,-2.992095460285782e-11,2.992095460285782e-11,-0.006522181224326946,0.006522181224326573
0,20,0.75,1.1006839883975772e-10,1.1006839883975772e-10,0.11330888081737318,-0.11330888081737456
0,21,0.75,3.6470026998358662e-09,3.6470026998358662e-09,0.40937883750288206,-0.4093788375028815
0,22,0.75,1.0383693904714164e-11,1.0383693904714164e-11,0.010395293598622483,-0.010395293598623567
0,23,0.75,1.2930101433994423e-11,1.2930101433994423e-11,0.0058351655437827565,-0.0058351655437824945
0,24,0.75,-2.178701663524407e-12,2.178701663524407e-12,-0.002817017865612285,0.0028170178656132805
0,25,0.75,-1.1954881529163686e-11,1.1954881529163686e-11,-0.019938454464628795,0.019938454464629274
0,26,0.75,1.0427871899310048e-09,1.0427871899310048e-09,0.5949019367489051,-0.5949019367489043
0,27,0.75,7.386322664615363e-10,7.386322664615363e-10,0.366984287314966,-0.3669842873149669
0,28,0.75,3.665974190880661e-10,3.665974190880661e-10,0.09352368171741629,-0.09352368171741787
0,29,0.75,4.028777311759768e-12,4.028777311759768e-12,0.003639028172816999,-0.003639028172816694
0,30,0.75,1.6704859717719955e-11,1.6704859717719955e-11,0.009382886254035718,-0.009382886254034162
0,31,0.75,7.38967997904183e-10,7.38967997904183e-10,0.26816198226034504,-0.26816198226034516
0,32,0.75,1.9453239019640023e-10,1.9453239019640023e-10,0.1371128975819541,-0.13711289758195377
0,33,0.75,8.15241207874351e-11,8.15241207874351e-11,0.0202789625951897,-0.020278962595188688
0,34,0.75,5.824603022119845e-10,5.824603022119845e-10,0.10513612828993203,-0.10513612828993146
0,35,0.75,5.753875598202285e-09,5.753875598202285e-09,0.5010313083035922,-0.5010313083035918
0,36,0.75,7.364997500758363e-12,7.364997500758363e-12,0.017421511649160663,-0.017421511649160948
0,37,0.75,-3.6273206660553114e-11,3.6273206660553114e-11,-0.016572393930186235,0.01657239393018628
0,38,0.75,1.8687273950490635e-12,1.8687273950490635e-12,0.002371630965204206,-0.0023716309652037637
0,39,0.75,7.643663479939278e-12,7.643663479939278e-12,0.0061738318028409555,-0.006173831802840368
0,40,0.75,-8.755840497087775e-11,8.755840497087775e-11,-0.041591775144827405,0.041591775144826926
0,41,0.75,3.837108408788481e-11,3.837108408788481e-11,0.036556979368940666,-0.03655697936894242
0,42,0.75,-7.633005338902876e-12,7.633005338902876e-12,-0.005641183448607598,0.005641183448606313
0,43,0.75,1.9461143807575354e-10,1.9461143807575354e-10,0.2925900589111355,-0.2925900589111343
0,44,0.75,1.6280665704471176e-10,1.6280665704471176e-10,0.11234229092274976,-0.11234229092275072
0,45,0.75,2.24204654841742e-10,2.24204654841742e-10,0.12265986482458403,-0.12265986482458402
0,46,0.75,-8.86934969912545e-12,8.86934969912545e-12,-0.007499176036856836,0.007499176036855459
0,47,0.75,4.305444889496357e-11,4.305444889496357e-11,0.05991622037580146,-0.05991622037580058
0,48,0.75,9.96576154932427e-11,9.96576154932427e-11,0.20450652331419383,-0.20450652331419406
0,49,0.75,-3.962874473018019e-11,3.962874473018019e-11,-0.026880527172093355,0.026880527172092883
0,50,0.75,2.532360099394282e-09,2.532360099394282e-09,0.7542307844027246,-0.7542307844027256
0,51,0.75,-9.176659432341694e-12,9.176659432341694e-12,-0.006963157537193451,0.006963157537192899
0,52,0.75,-4.6638248818453576e-12,4.6638248818453576e-12,-0.004072561615972595,0.004072561615974024
0,53,0.75,1.2041052599442992e-09,1.2041052599442992e-09,0.5756650239678758,-0.5756650239678756
0,54,0.75,-4.303846168340897e-11,4.303846168340897e-11,-0.051642336497657815,0.05164233649765748
0,55,0.75,8.562039965909207e-12,8.562039965909207e-12,0.008161939379752212,-0.008161939379753846
0,56,0.75,-4.945377440890297e-11,4.945377440890297e-11,-0.026730221095797733,0.02673022109579648
0,57,0.75,4.598490477292216e-09,4.598490477292216e-09,0.91420321873892,-0.9142032187389191
0,58,0.75,-8.249401162174763e-12,8.249401162174763e-12,-0.007629355776475384,0.0076293557764763875
0,59,0.75,2.757740702463707e-10,2.757740702463707e-10,0.18505560954025696,-0.18505560954025668
0,60,0.75,4.800781994163117e-10,4.800781994163117e-10,0.08060037250935723,-0.08060037250935892
0,61,0.75,8.111307181479788e-10,8.111307181479788e-10,0.3085936421867579,-0.3085936421867572
0,62,0.75,4.276330400898587e-10,4.276330400898587e-10,0.14515529957696,-0.1451552995769596
0,63,0.75,9.517009402770782e-10,9.517009402770782e-10,0.16010300908549313,-0.1601030090854927
0,64,0.75,8.107221560749167e-10,8.107221560749167e-10,0.127335590678712,-0.1273355906787117
0,65,0.75,1.0709797493291262e-09,1.0709797493291262e-09,0.25443678866258557,-0.25443678866258423
0,66,0.75,2.5366375666635577e-11,2.5366375666635577e-11,0.026304227325111333,-0.02630422732511306
0,67,0.75,-1.0203393685515039e-11,1.0203393685515039e-11,-0.004354006302818288,0.0043540063028189024
0,68,0.75,2.873044024909177e-10,2.873044024909177e-10,0.08434240934377353,-0.08434240934377257
0,69,0.75,1.0371081771154422e-10,1.0371081771154422e-10,0.06704688380590378,-0.0670468838059044
0,70,0.75,-4.3787196091216174e-13,4.3787196091216174e-13,-0.0003820161725655543,0.0003820161725656135
0,71,0.75,4.3149661621555424e-10,4.3149661621555424e-10,0.49191525589167906,-0.49191525589167995
0,72,0.75,-1.815436689867056e-12,1.815436689867056e-12,-0.002677866401821662,0.0026778664018216602
0,73,0.75,1.2531664594916947e-10,1.2531664594916947e-10,0.217121224380645,-0.2171212243806444
0,74,0.75,1.4082957022765186e-11,1.4082957022765186e-11,0.012707679108790332,-0.01270767910878945
0,75,0.75,1.5188135193966446e-09,1.5188135193966446e-09,0.31574487334458246,-0.3157448733445811
0,76,0.75,2.120525977034049e-13,2.120525977034049e-13,0.0008190942728276599,-0.0008190942728276696
0,77,0.75,9.814371537686384e-12,9.814371537686384e-12,0.005757623416455561,-0.005757623416457136
0,78,0.75,2.121414155453749e-10,2.121414155453749e-10,0.1387814093967094,-0.13878140939671013
0,79,0.75,-2.1643131731252652e-11,2.1643131731252652e-11,-0.00671410655388496,0.006714106553886268
0,80,0.75,3.9241498939190933e-10,3.9241498939190933e-10,0.2339020223382096,-0.23390202233821
0,81,0.75,1.2280949590603996e-09,1.2280949590603996e-09,0.27996032587414976,-0.2799603258741499
0,82,0.75,2.857518666132819e-10,2.857518666132819e-10,0.038246095096134684,-0.038246095096134525
0,83,0.75,8.268052908988466e-10,8.268052908988466e-10,0.33249787749985255,-0.33249787749985416
0,84,0.75,4.54318183074065e-09,4.54318183074065e-09,0.593586242883419,-0.5935862428834184
0,85,0.75,9.942269230123202e-12,9.942269230123202e-12,0.004973087926327003,-0.004973087926327224
0,86,0.75,5.0532023010418925e-11,5.0532023010418925e-11,0.030223155618302633,-0.03022315561830169
0,87,0.75,3.136335635645082e-10,3.136335635645082e-10,0.086188945851785,-0.08618894585178438
0,88,0.75,1.0123457627742027e-11,1.0123457627742027e-11,0.013976972894237456,-0.013976972894237605
0,89,0.75,-9.539036227579345e-13,9.539036227579345e-13,-0.0005706353230533397,0.0005706353230543471
0,90,0.75,1.5062173730484574e-10,1.5062173730484574e-10,0.2509753385447684,-0.2509753385447695
0,91,0.75,2.0402879385983397e-10,2.0402879385983397e-10,0.06000622412153872,-0.06000622412154044
0,92,0.75,-1.0222933610748441e-12,1.0222933610748441e-12,-0.0010935296373893726,0.0010935296373908443
0,93,0.75,1.8454215933161322e-10,1.8454215933161322e-10,0.07096731355710134,-0.07096731355710162
0,94,0.75,-1.3179679569930158e-11,1.3179679569930158e-11,-0.016087612362849283,0.016087612362849057
0,95,0.75,3.2874147848360735e-11,3.2874147848360735e-11,0.02547838274215381,-0.025478382742154082
0,96,0.75,-7.94022625427715e-11,7.94022625427715e-11,-0.06024736524002994,0.060247365240030604
0,97,0.75,2.1960921969821356e-10,2.1960921969821356e-10,0.14399152727107212,-0.14399152727107278
0,98,0.75,4.849788126648491e-09,4.849788126648491e-09,0.8373388702913636,-0.8373388702913651
0,99,0.75,-4.431299771567865e-11,4.431299771567865e-11,-0.025935529675336157,0.025935529675336966
0,100,0.75,1.5240146922224085e-09,1.5240146922224085e-09,0.5570496310376629,-0.557049631037664
0,101,0.75,5.879652320572859e-11,5.879652320572859e-11,0.03071458439393818,-0.030714584393937372
0,102,0.75,1.3586998193204636e-10,1.3586998193204636e-10,0.018419856439557538,-0.018419856439557236
0,103,0.75,7.892175801771373e-10,7.892175801771373e-10,0.6435097961979027,-0.6435097961979039
0,104,0.75,1.8097239262715448e-09,1.8097239262715448e-09,0.25382845495352163,-0.2538284549535206
0,105,0.75,7.30295823814231e-11,7.30295823814231e-11,0.04655589642794245,-0.04655589642794311
0,106,0.75,1.5848414136598876e-08,1.5848414136598876e-08,1.0835135735400445,-1.0835135735400456
0,107,0.75,8.664251538448298e-10,8.664251538448298e-10,0.24445923344548176,-0.24445923344548248
0,108,0.75,-1.1542944378106768e-10,1.1542944378106768e-10,-0.060956235334800865,0.06095623533479966
0,109,0.75,-9.983125437429408e-13,9.983125437429408e-13,-0.0009428397528082197,0.0009428397528097321
0,110,0.75,2.57865906405641e-09,2.57865906405641e-09,0.6532530965234308,-0.6532530965234322
0,111,0.75,4.7982950945879566e-11,4.7982950945879566e-11,0.02270917078234657,-0.022709170782345467
0,112,0.75,2.5863755581667647e-12,2.5863755581667647e-12,0.0010668831384278528,-0.0010668831384279542
0,113,0.75,-1.98570049292357e-11,1.98570049292357e-11,-0.03150910946859662,0.03150910946859753
0,114,0.75,1.7283923625655007e-08,1.7283923625655007e-08,1.2756539812804064,-1.2756539812804064
0,115,0.75,3.6966980587749276e-09,3.6966980587749276e-09,0.27638003983037857,-0.2763800398303786
0,116,0.75,4.650857476917736e-11,4.650857476917736e-11,0.02476437241620823,-0.024764372416207436
0,117,0.75,-2.857269976175303e-12,2.857269976175303e-12,-0.0033423096042996337,0.003342309604299487
0,118,0.75,7.365530407810184e-11,7.365530407810184e-11,0.09219483507921172,-0.09219483507921211
0,119,0.75,-2.8848035071860068e-12,2.8848035071860068e-12,-0.0019595315705995455,0.0019595315705984717
0,120,0.75,1.2760139611600607e-09,1.2760139611600607e-09,0.20028481501544904,-0.2002848150154506
0,121,0.75,-2.807531984672096e-12,2.807531984672096e-12,-0.011417065511490314,0.011417065511491131
0,122,0.75,7.612044328197953e-11,7.612044328197953e-11,0.045096888853491265,-0.0450968888534895
0,123,0.75,5.240252676230739e-12,5.240252676230739e-12,0.008846793745010934,-0.008846793745011183
0,124,0.75,2.1307045017238124e-10,2.1307045017238124e-10,0.041514121501825776,-0.04151412150182665
0,125,0.75,6.206590796864475e-10,6.206590796864475e-10,0.05252670846321391,-0.0525267084632155
0,126,0.75,8.72084626735159e-10,8.72084626735159e-10,0.15406678571407054,-0.15406678571407184
0,127,0.75,1.3316796554363464e-09,1.3316796554363464e-09,0.6763324100958547,-0.6763324100958563
0,0,0.95,1.492539425385489e-11,1.492539425385489e-11,0.016321957644211196,-0.016321957644211516
0,1,0.95,4.5830290673623016e-10,4.5830290673623016e-10,0.08889714853896881,-0.0888971485389689
0,2,0.95,6.073157976516291e-10,6.073157976516291e-10,0.14068068422164887,-0.1406806842216488
0,3,0.95,4.808651254962785e-11,4.808651254962785e-11,0.01798130013336592,-0.017981300133365963
0,4,0.95,-6.929123941280601e-12,6.929123941280601e-12,-0.003014449885205863,0.0030144498852058277
0,5,0.95,3.2094327196327246e-13,3.2094327196327246e-13,0.00030157124502798894,-0.00030157124502849797
0,6,0.95,2.926625608523926e-11,2.926625608523926e-11,0.04201783140955849,-0.042017831409558504
0,7,0.95,8.094804826443281e-11,8.094804826443281e-11,0.02160210207614044,-0.021602102076140994
0,8,0.95,-1.9815793450551357e-11,1.9815793450551357e-11,-0.009305484664485051,0.009305484664485775
0,9,0.95,5.08693087653869e-13,5.08693087653869e-13,0.0026657215540868808,-0.002665721554087064
0,10,0.95,3.429927453169537e-11,3.429927453169537e-11,0.03139322849812372,-0.03139322849812398
0,11,0.95,7.601030915796567e-12,7.601030915796567e-12,0.011573709368447455,-0.011573709368447815
0,12,0.95,5.3583182335622044e-11,5.3583182335622044e-11,0.0318727461644317,-0.031872746164431476
0,13,0.95,-4.641833584171465e-11,4.641833584171465e-11,-0.009717941392276318,0.00971794139227633
0,14,0.95,8.511964466607771e-11,8.511964466607771e-11,0.030623158958804464,-0.03062315895880463
0,15,0.95,1.6425305560133403e-12,1.6425305560133403e-12,0.0048345643489817154,-0.00483456434898244
0,16,0.95,3.4316613550800513e-09,3.4316613550800513e-09,0.24969005067634623,-0.24969005067634686
0,17,0.95,4.559161936869185e-11,4.559161936869185e-11,0.015501017617791659,-0.015501017617792101
0,18,0.95,-1.6514345446633067e-12,1.6514345446633067e-12,-0.0012641611063973278,0.0012641611063974878
0,19,0.95,-7.646328015178526e-12,7.646328015178526e-12,-0.0016667495298054173,0.0016667495298055002
0,20,0.95,2.7482593978338547e-11,2.7482593978338547e-11,0.02829169860258753,-0.028291698602587623
0,21,0.95,9.008957135847979e-10,9.008957135847979e-10,0.1011262316738269,-0.10112623167382662
0,22,0.95,2.5397906000582908e-12,2.5397906000582908e-12,0.0025426278171240334,-0.002542627817123666
0,23,0.95,2.8591351508662684e-12,2.8591351508662684e-12,0.0012902858498457283,-0.001290285849846029
0,24,0.95,-5.833111771347485e-13,5.833111771347485e-13,-0.0007542097363352524,0.0007542097363346656
0,25,0.95,-3.0355717939276215e-12,3.0355717939276215e-12,-0.005062752804340963,0.00506275280434032
0,26,0.95,2.4771797946244484e-10,2.4771797946244484e-10,0.1413211700073573,-0.1413211700073571
0,27,0.95,1.8111787625231095e-10,1.8111787625231095e-10,0.08998715295077862,-0.08998715295077808
0,28,0.95,9.104130782590835e-11,9.104130782590835e-11,0.023225799890866573,-0.023225799890866483
0,29,0.95,8.919087690679943e-13,8.919087690679943e-13,0.0008056243587221875,-0.0008056243587217793
0,30,0.95,3.944311544054889e-12,3.944311544054889e-12,0.002215464672779567,-0.0022154646727789995
0,31,0.95,1.8315517991142142e-10,1.8315517991142142e-10,0.06646465915383976,-0.06646465915383981
0,32,0.95,4.8002091190830555e-11,4.8002091190830555e-11,0.03383347013072255,-0.033833470130722354
0,33,0.95,2.0036594605718256e-11,2.0036594605718256e-11,0.004984062981847754,-0.0049840629818476145
0,34,0.95,1.4513172885701915e-10,1.4513172885701915e-10,0.026196786297888987,-0.026196786297888686
0,35,0.95,1.4230792544367935e-09,1.4230792544367935e-09,0.12391774005210264,-0.12391774005210276
0,36,0.95,1.7060908241735441e-12,1.7060908241735441e-12,0.004035667515814501,-0.004035667515815078
0,37,0.95,-9.234391029612276e-12,9.234391029612276e-12,-0.004218980893534796,0.004218980893535118
0,38,0.95,4.2865710981108166e-13,4.2865710981108166e-13,0.0005440153966684957,-0.0005440153966684846
0,39,0.95,1.9167778475602997e-12,1.9167778475602997e-12,0.0015481927043631204,-0.0015481927043632382
0,40,0.95,-2.229842976929814e-11,2.229842976929814e-11,-0.010592144493219593,0.01059214449321999
0,41,0.95,9.495959574228852e-12,9.495959574228852e-12,0.00904701043755459,-0.009047010437554626
0,42,0.95,-1.944888694532559e-12,1.944888694532559e-12,-0.001437372755009508,0.0014373727550092141
0,43,0.95,4.82671680401865e-11,4.82671680401865e-11,0.07256764391646182,-0.07256764391646175
0,44,0.95,4.031681655192866e-11,4.031681655192866e-11,0.027820014343221976,-0.0278200143432219
0,45,0.95,5.538627334545659e-11,5.538627334545659e-11,0.030301212106798477,-0.03030121210679848
0,46,0.95,-2.2790214160239115e-12,2.2790214160239115e-12,-0.001926948803497427,0.0019269488034980853
0,47,0.95,1.0487655188743207e-11,1.0487655188743207e-11,0.014595022712917884,-0.014595022712917682
0,48,0.95,2.4341018090015083e-11,2.4341018090015083e-11,0.04994999086501734,-0.04994999086501739
0,49,0.95,-1.0088019308789044e-11,1.0088019308789044e-11,-0.006842792497941262,0.00684279249794173
0,50,0.95,6.229793569900873e-10,6.229793569900873e-10,0.1855463641216458,-0.18554636412164527
0,51,0.95,-2.3308022178922634e-12,2.3308022178922634e-12,-0.0017685894470513472,0.001768589447051383
0,52,0.95,-1.205124888764821e-12,1.205124888764821e-12,-0.0010523434067050354,0.0010523434067053472
0,53,0.95,2.8767512816330914e-10,2.8767512816330914e-10,0.13753324983959775,-0.13753324983959825
0,54,0.95,-1.0971756836393977e-11,1.0971756836393977e-11,-0.01316513500606734,0.01316513500606753
0,55,0.95,2.166888890546697e-12,2.166888890546697e-12,0.0020656310689648343,-0.002065631068965068
0,56,0.95,-1.2759926448771938e-11,1.2759926448771938e-11,-0.006896857908592485,0.006896857908592402
0,57,0.95,1.121302162232519e-09,1.121302162232519e-09,0.2229205542457707,-0.2229205542457704
0,58,0.95,-2.1106671965707454e-12,2.1106671965707454e-12,-0.0019520242320387935,0.0019520242320387737
0,59,0.95,6.786526896008334e-11,6.786526896008334e-11,0.0455403537497267,-0.045540353749726314
0,60,0.95,1.174832675588074e-10,1.174832675588074e-10,0.01972427646239548,-0.019724276462395274
0,61,0.95,1.9946186924358914e-10,1.9946186924358914e-10,0.07588501252646268,-0.07588501252646296
0,62,0.95,1.0592415833345017e-10,1.0592415833345017e-10,0.03595478247447497,-0.03595478247447481
0,63,0.95,2.363886864032148e-10,2.363886864032148e-10,0.03976726133726741,-0.03976726133726771
0,64,0.95,2.019845624090773e-10,2.019845624090773e-10,0.03172458451963699,-0.031724584519637666
0,65,0.95,2.6464537228323125e-10,2.6464537228323125e-10,0.06287282154526219,-0.06287282154526164
0,66,0.95,6.209432967811817e-12,6.209432967811817e-12,0.006439009596479193,-0.0064390095964794725
0,67,0.95,-2.7914559552659283e-12,2.7914559552659283e-12,-0.0011911739562221937,0.0011911739562222579
0,68,0.95,7.117213485232011e-11,7.117213485232011e-11,0.020893621119413213,-0.020893621119412842
0,69,0.95,2.5199087261292006e-11,2.5199087261292006e-11,0.016290685127194903,-0.01629068512719467
0,70,0.95,-1.2287948436021837e-13,1.2287948436021837e-13,-0.00010720474132285485,0.00010720474132330793
0,71,0.95,1.0512890558090207e-10,1.0512890558090207e-10,0.11984917273281144,-0.11984917273281148
0,72,0.95,-6.59849952452655e-13,6.59849952452655e-13,-0.0009733140394149367,0.0009733140394150297
0,73,0.95,3.1057001415038403e-11,3.1057001415038403e-11,0.053808766758405666,-0.05380876675840529
0,74,0.95,3.48356898883214e-12,3.48356898883214e-12,0.003143379390553591,-0.0031433793905533136
0,75,0.95,3.7389398244160906e-10,3.7389398244160906e-10,0.07772850756373653,-0.0777285075637364
0,76,0.95,5.280220705237186e-14,5.280220705237186e-14,0.00020395876239041047,-0.00020395876239032162
0,77,0.95,2.062083837025391e-12,2.062083837025391e-12,0.0012097261797316026,-0.001209726179731696
0,78,0.95,5.2082516077697044e-11,5.2082516077697044e-11,0.03407201261294289,-0.03407201261294279
0,79,0.95,-5.507416744860655e-12,5.507416744860655e-12,-0.0017085042645768958,0.0017085042645774706
0,80,0.95,9.625171770722591e-11,9.625171770722591e-11,0.05737158883796393,-0.057371588837964005
0,81,0.95,3.0417695029429756e-10,3.0417695029429756e-10,0.06934111853447354,-0.06934111853447344
0,82,0.95,7.098108767426114e-11,7.098108767426114e-11,0.009500373388254473,-0.009500373388254602
0,83,0.95,2.0499921760120957e-10,2.0499921760120957e-10,0.08243997164971176,-0.08243997164971173
0,84,0.95,1.0798707705817241e-09,1.0798707705817241e-09,0.1410897598621383,-0.14108975986213856
0,85,0.95,2.4760637984489427e-12,2.4760637984489427e-12,0.0012385183599307164,-0.0012385183599308291
0,86,0.95,1.2482548328315471e-11,1.2482548328315471e-11,0.0074658004600741245,-0.007465800460074057
0,87,0.95,7.803766521875878e-11,7.803766521875878e-11,0.021445358160960742,-0.02144535816096127
0,88,0.95,2.5488944288585627e-12,2.5488944288585627e-12,0.0035191364109433336,-0.0035191364109437018
0,89,0.95,-2.557065670237251e-13,2.557065670237251e-13,-0.00015296639618431532,0.00015296639618433971
0,90,0.95,3.75081743442278e-11,3.75081743442278e-11,0.06249846086416052,-0.062498460864160776
0,91,0.95,5.055191820703543e-11,5.055191820703543e-11,0.014867655081022543,-0.014867655081022946
0,92,0.95,-2.748024030514137e-13,2.748024030514137e-13,-0.0002939514073011182,0.00029395140730059666
0,93,0.95,4.5695891515163324e-11,4.5695891515163324e-11,0.017572757754505966,-0.01757275775450573
0,94,0.95,-3.3530067611271227e-12,3.3530067611271227e-12,-0.004092806106310503,0.004092806106310576
0,95,0.95,8.121592287585375e-12,8.121592287585375e-12,0.006294460855177512,-0.006294460855177597
0,96,0.95,-2.031943502344711e-11,2.031943502344711e-11,-0.015417601263808327,0.015417601263807867
0,97,0.95,5.453806295464132e-11,5.453806295464132e-11,0.03575905870453108,-0.035759058704530666
0,98,0.95,1.1651859921358026e-09,1.1651859921358026e-09,0.201174875449364,-0.20117487544936363
0,99,0.95,-1.1346834583029039e-11,1.1346834583029039e-11,-0.006641080049187398,0.006641080049187842
0,100,0.95,3.645022061960051e-10,3.645022061960051e-10,0.13323088058803773,-0.13323088058803823
0,101,0.95,1.4309309293033704e-11,1.4309309293033704e-11,0.007475008111653554,-0.0074750081116539135
0,102,0.95,3.183551200439782e-11,3.183551200439782e-11,0.004315931690445809,-0.004315931690445751
0,103,0.95,1.9105064197333906e-10,1.9105064197333906e-10,0.15577828316007325,-0.1557782831600738
0,104,0.95,4.4543000399247634e-10,4.4543000399247634e-10,0.06247516986543197,-0.062475169865432
0,105,0.95,1.7965362530965983e-11,1.7965362530965983e-11,0.011452804877258178,-0.011452804877257527
0,106,0.95,3.843329210440127e-09,3.843329210440127e-09,0.26275811139224137,-0.26275811139224103
0,107,0.95,2.1420918372429333e-10,2.1420918372429333e-10,0.060438472518771505,-0.0604384725187721
0,108,0.95,-2.935811593828624e-11,2.935811593828624e-11,-0.015503498635190177,0.01550349863518985
0,109,0.95,-2.637889906459741e-13,2.637889906459741e-13,-0.00024913114464303625,0.0002491311446428668
0,110,0.95,6.305068467327325e-10,6.305068467327325e-10,0.15972664077563822,-0.15972664077563792
0,111,0.95,1.1750156403432733e-11,1.1750156403432733e-11,0.0055610649871410435,-0.005561064987141151
0,112,0.95,4.82192064065455e-13,4.82192064065455e-13,0.00019890482687664907,-0.000198904826876678
0,113,0.95,-5.059108687530251e-12,5.059108687530251e-12,-0.008027797244196711,0.008027797244196222
0,114,0.95,4.101811157397669e-09,4.101811157397669e-09,0.302737494490429,-0.30273749449042864
0,115,0.95,9.122615551860337e-10,9.122615551860337e-10,0.06820434911083713,-0.06820434911083773
0,116,0.95,1.1440093317114096e-11,1.1440093317114096e-11,0.00609149458540158,-0.006091494585401591
0,117,0.95,-7.312817018564585e-13,7.312817018564585e-13,-0.0008554213903283827,0.0008554213903284591
0,118,0.95,1.802411553342534e-11,1.802411553342534e-11,0.022560905556655627,-0.02256090555665491
0,119,0.95,-7.931433287855944e-13,7.931433287855944e-13,-0.0005387505210993826,0.0005387505210991961
0,120,0.95,3.1460061222790816e-10,3.1460061222790816e-10,0.04938012227274509,-0.04938012227274502
0,121,0.95,-7.173039939790748e-13,7.173039939790748e-13,-0.0029169771655759924,0.002916977165575929
0,122,0.95,1.8893420161710975e-11,1.8893420161710975e-11,0.011193241031699276,-0.011193241031699053
0,123,0.95,1.3249623620509667e-12,1.3249623620509667e-12,0.0022368518201680843,-0.0022368518201680843
0,124,0.95,5.2704329789345314e-11,5.2704329789345314e-11,0.010268781751655529,-0.010268781751655354
0,125,0.95,1.5257555219255237e-10,1.5257555219255237e-10,0.012912550240432861,-0.012912550240432807
0,126,0.95,2.1475852207688779e-10,2.1475852207688779e-10,0.037940303253549384,-0.037940303253549246
0,127,0.95,3.1996725269323973e-10,3.1996725269323973e-10,0.1625047152161079,-0.16250471521610788
0,0,1.0,-1.692103722913721e-23,1.692103722913721e-23,-1.8504332163873404e-14,1.8504332163873404e-14
0,1,1.0,2.984786185813965e-23,2.984786185813965e-23,5.789598473353745e-15,5.789598473353745e-15
0,2,1.0,-6.659857218132524e-23,6.659857218132524e-23,-1.5427118377098536e-14,1.5427118377098536e-14
0,3,1.0,-2.7849205446393503e-23,2.7849205446393503e-23,-1.0413833215510363e-14,1.0413833215510363e-14
0,4,1.0,-5.98869625323666e-23,5.98869625323666e-23,-2.6053257072734144e-14,2.6053257072734144e-14
0,5,1.0,-3.331310693372209e-23,3.331310693372209e-23,-3.1302339109020986e-14,3.1302339109020986e-14
0,6,1.0,-3.5966472142869174e-23,3.5966472142869174e-23,-5.163739285592683e-14,5.163739285592683e-14
0,7,1.0,-5.366825210965177e-23,5.366825210965177e-23,-1.4322112579336076e-14,1.4322112579336076e-14
0,8,1.0,-5.276997304143298e-23,5.276997304143298e-23,-2.47807475440092e-14,2.47807475440092e-14
0,9,1.0,3.161930976310313e-23,3.161930976310313e-23,1.656957360077324e-13,1.656957360077324e-13
0,10,1.0,-9.252169957469655e-23,9.252169957469655e-23,-8.468269068196052e-14,8.468269068196052e-14
0,11,1.0,1.982556470645399e-23,1.982556470645399e-23,3.0187395173066664e-14,3.0187395173066664e-14
0,12,1.0,-3.8691689958707406e-23,3.8691689958707406e-23,-2.301487815715146e-14,2.301487815715146e-14
0,13,1.0,-9.948056663034405e-24,9.948056663034405e-24,-2.0826819804154617e-15,2.0826819804154617e-15
0,14,1.0,-3.031274390047363e-23,3.031274390047363e-23,-1.090549635848837e-14,1.090549635848837e-14
0,15,1.0,-9.458335362947274e-24,9.458335362947274e-24,-2.783931828787637e-14,2.783931828787637e-14
0,16,1.0,2.034814293099057e-22,2.034814293099057e-22,1.480544935498174e-14,1.480544935498174e-14
0,17,1.0,7.644409585934264e-23,7.644409585934264e-23,2.599076964363208e-14,2.599076964363208e-14
0,18,1.0,3.8744228094995126e-23,3.8744228094995126e-23,2.965842419450252e-14,2.965842419450252e-14
0,19,1.0,-2.5538581367903226e-23,2.5538581367903226e-23,-5.566909816365791e-15,5.566909816365791e-15
0,20,1.0,-4.25852928167121e-23,4.25852928167121e-23,-4.383903026850273e-14,4.383903026850273e-14
0,21,1.0,-5.471759961894219e-23,5.471759961894219e-23,-6.142092333509603e-15,6.142092333509603e-15
0,22,1.0,-6.68629352478829e-24,6.68629352478829e-24,-6.6937628280035465e-15,6.6937628280035465e-15
0,23,1.0,9.02159001695026e-23,9.02159001695026e-23,4.071311542741712e-14,4.071311542741712e-14
0,24,1.0,7.40298880331096e-23,7.40298880331096e-23,9.571917104115738e-14,9.571917104115738e-14
0,25,1.0,4.170676051467281e-25,4.170676051467281e-25,6.955889469589375e-16,6.955889469589375e-16
0,26,1.0,1.873647675134125e-23,1.873647675134125e-23,1.0689013458212153e-14,1.0689013458212153e-14
0,27,1.0,-5.009141792586038e-23,5.009141792586038e-23,-2.4887571451734366e-14,2.4887571451734366e-14
0,28,1.0,-8.619547687693096e-23,8.619547687693096e-23,-2.1989566552246982e-14,2.1989566552246982e-14
0,29,1.0,-1.4182053396072418e-23,1.4182053396072418e-23,-1.2810063168807854e-14,1.2810063168807854e-14
0,30,1.0,5.260800885353843e-23,5.260800885353843e-23,2.954918337928004e-14,2.954918337928004e-14
0,31,1.0,-2.636037642705631e-23,2.636037642705631e-23,-9.56584157345994e-15,9.56584157345994e-15
0,32,1.0,-1.940834564001346e-23,1.940834564001346e-23,-1.367964741135214e-14,1.367964741135214e-14
0,33,1.0,-2.492577433743273e-22,2.492577433743273e-22,-6.200236697589054e-14,6.200236697589054e-14
0,34,1.0,-3.1147194655129177e-24,3.1147194655129177e-24,-5.622177924739206e-16,5.622177924739206e-16
0,35,1.0,1.9119186939710705e-22,1.9119186939710705e-22,1.6648450392457434e-14,1.6648450392457434e-14
0,36,1.0,8.149228184911605e-24,8.149228184911605e-24,1.927656781152842e-14,1.927656781152842e-14
0,37,1.0,-1.0208039184985378e-22,1.0208039184985378e-22,-4.663818344252647e-14,4.663818344252647e-14
0,38,1.0,-3.684944218193079e-23,3.684944218193079e-23,-4.6766199479231475e-14,4.6766199479231475e-14
0,39,1.0,8.286661954097399e-23,8.286661954097399e-23,6.693185439922733e-14,6.693185439922733e-14
0,40,1.0,-3.70661347784164e-23,3.70661347784164e-23,-1.760706289367102e-14,1.760706289367102e-14
0,41,1.0,1.3136982696179653e-23,1.3136982696179653e-23,1.2515893590455071e-14,1.2515893590455071e-14
0,42,1.0,3.739870906972672e-23,3.739870906972672e-23,2.7639569112859712e-14,2.7639569112859712e-14
0,43,1.0,-1.9819578041044267e-24,1.9819578041044267e-24,-2.9797896587998557e-15,2.9797896587998557e-15
0,44,1.0,-2.450092477722818e-23,2.450092477722818e-23,-1.69064955276605e-14,1.69064955276605e-14
0,45,1.0,2.9556740629676886e-23,2.9556740629676886e-23,1.6170162982791392e-14,1.6170162982791392e-14
0,46,1.0,4.28020970370158e-23,4.28020970370158e-23,3.618985284331045e-14,3.618985284331045e-14
0,47,1.0,2.8516750588444197e-23,2.8516750588444197e-23,3.968500251454523e-14,3.968500251454523e-14
0,48,1.0,-2.2610477204712106e-23,2.2610477204712106e-23,-4.6398763011985124e-14,4.6398763011985124e-14
0,49,1.0,-3.1994464399494563e-23,3.1994464399494563e-23,-2.170212747092675e-14,2.170212747092675e-14
0,50,1.0,6.996838086459404e-24,6.996838086459404e-24,2.0839179544612957e-15,2.0839179544612957e-15
0,51,1.0,-4.613112634465011e-23,4.613112634465011e-23,-3.500383799510859e-14,3.500383799510859e-14
0,52,1.0,2.3395572876832498e-23,2.3395572876832498e-23,2.042956468043408e-14,2.042956468043408e-14
0,53,1.0,-1.9037726164966144e-24,1.9037726164966144e-24,-9.101657017556805e-16,9.101657017556805e-16
0,54,1.0,1.1390299501613772e-23,1.1390299501613772e-23,1.3667349079490865e-14,1.3667349079490865e-14
0,55,1.0,-1.3381946095356123e-23,1.3381946095356123e-23,-1.2756613289390327e-14,1.2756613289390327e-14
0,56,1.0,-4.1002607493454426e-23,4.1002607493454426e-23,-2.2162287447304314e-14,2.2162287447304314e-14
0,57,1.0,-7.86492389796131e-24,7.86492389796131e-24,-1.5635867418141827e-15,1.5635867418141827e-15
0,58,1.0,-6.021682945305019e-24,6.021682945305019e-24,-5.569078368199362e-15,5.569078368199362e-15
0,59,1.0,2.3006186400849975e-23,2.3006186400849975e-23,1.5438086125365487e-14,1.5438086125365487e-14
0,60,1.0,-1.8165649111714273e-23,1.8165649111714273e-23,-3.0498324794972905e-15,3.0498324794972905e-15
0,61,1.0,-2.5351842214419308e-23,2.5351842214419308e-23,-9.645075879945147e-15,9.645075879945147e-15
0,62,1.0,-7.862051734291491e-23,7.862051734291491e-23,-2.668686391820507e-14,2.668686391820507e-14
0,63,1.0,5.0625874344591236e-24,5.0625874344591236e-24,8.516703595767523e-16,8.516703595767523e-16
0,64,1.0,5.2580504429216996e-23,5.2580504429216996e-23,8.258525488059164e-15,8.258525488059164e-15
0,65,1.0,-1.2493631918092088e-22,1.2493631918092088e-22,-2.9681603092523376e-14,2.9681603092523376e-14
0,66,1.0,-4.575035265203079e-23,4.575035265203079e-23,-4.744184554303112e-14,4.744184554303112e-14
0,67,1.0,-1.0619662229936452e-22,1.0619662229936452e-22,-4.5316369933451864e-14,4.5316369933451864e-14
0,68,1.0,-8.127581052811435e-23,8.127581052811435e-23,-2.38597028861258e-14,2.38597028861258e-14
0,69,1.0,-4.3583336757031473e-23,4.3583336757031473e-23,-2.8175719562348e-14,2.8175719562348e-14
0,70,1.0,-5.295092668903801e-23,5.295092668903801e-23,-4.619640477870966e-14,4.619640477870966e-14
0,71,1.0,1.2794527133170538e-24,1.2794527133170538e-24,1.4586031158081053e-15,1.4586031158081053e-15
0,72,1.0,1.4376153805093406e-23,1.4376153805093406e-23,2.120559724112408e-14,2.120559724112408e-14
0,73,1.0,-1.684208487429907e-23,1.684208487429907e-23,-2.918027418730792e-14,2.918027418730792e-14
0,74,1.0,1.374094367711727e-23,1.374094367711727e-23,1.2399065240240434e-14,1.2399065240240434e-14
0,75,1.0,-1.1900817147314791e-23,1.1900817147314791e-23,-2.4740509317883053e-15,2.4740509317883053e-15
0,76,1.0,6.130294892457659e-24,6.130294892457659e-24,2.3679452605338667e-14,2.3679452605338667e-14
0,77,1.0,-2.840642444654451e-23,2.840642444654451e-23,-1.6664693601945712e-14,1.6664693601945712e-14
0,78,1.0,-3.674946076751172e-23,3.674946076751172e-23,-2.4041236581611692e-14,2.4041236581611692e-14
0,79,1.0,-7.562789658502074e-23,7.562789658502074e-23,-2.3461196023900603e-14,2.3461196023900603e-14
0,80,1.0,4.367689329380797e-23,4.367689329380797e-23,2.6033953714925297e-14,2.6033953714925297e-14
0,81,1.0,-4.7393816552592124e-24,4.7393816552592124e-24,-1.0804041030047746e-15,1.0804041030047746e-15
0,82,1.0,-3.392223061485393e-23,3.392223061485393e-23,-4.540277805864772e-15,4.540277805864772e-15
0,83,1.0,2.6577780970508884e-23,2.6577780970508884e-23,1.0688194498299749e-14,1.0688194498299749e-14
0,84,1.0,8.571279182168795e-23,8.571279182168795e-23,1.1198744835662904e-14,1.1198744835662904e-14
0,85,1.0,1.43885578539671e-23,1.43885578539671e-23,7.197105779837615e-15,7.197105779837615e-15
0,86,1.0,-4.9124582111812455e-23,4.9124582111812455e-23,-2.9381366535499113e-14,2.9381366535499113e-14
0,87,1.0,-1.4062652513863433e-22,1.4062652513863433e-22,-3.864526431019396e-14,3.864526431019396e-14
0,88,1.0,-2.08719342658272e-24,2.08719342658272e-24,-2.8816879589077756e-15,2.8816879589077756e-15
0,89,1.0,-4.949485369920057e-23,4.949485369920057e-23,-2.9608349477133986e-14,2.9608349477133986e-14
0,90,1.0,-1.606055884707861e-23,1.606055884707861e-23,-2.6761105441943748e-14,2.6761105441943748e-14
0,91,1.0,5.75699897013111e-23,5.75699897013111e-23,1.6931716545189213e-14,1.6931716545189213e-14
0,92,1.0,-4.8545795654512704e-23,4.8545795654512704e-23,-5.192860321722397e-14,5.192860321722397e-14
0,93,1.0,-4.2261140404425924e-24,4.2261140404425924e-24,-1.6251893947833545e-15,1.6251893947833545e-15
0,94,1.0,8.992438451058723e-24,8.992438451058723e-24,1.0976508437084878e-14,1.0976508437084878e-14
0,95,1.0,2.296401823559184e-23,2.296401823559184e-23,1.779775550694263e-14,1.779775550694263e-14
0,96,1.0,-1.8212168239295156e-23,1.8212168239295156e-23,-1.3818688744979303e-14,1.3818688744979303e-14
0,97,1.0,2.771994585390761e-23,2.771994585390761e-23,1.817518110059588e-14,1.817518110059588e-14
0,98,1.0,-7.455103479064757e-23,7.455103479064757e-23,-1.2871588947905693e-14,1.2871588947905693e-14
0,99,1.0,1.866450502665341e-23,1.866450502665341e-23,1.0923969240360313e-14,1.0923969240360313e-14
0,100,1.0,-2.435961139011051e-23,2.435961139011051e-23,-8.903793779897254e-15,8.903793779897254e-15
0,101,1.0,1.2473710419222089e-23,1.2473710419222089e-23,6.516113717067793e-15,6.516113717067793e-15
0,102,1.0,3.7316894727524436e-23,3.7316894727524436e-23,5.059041253091959e-15,5.059041253091959e-15
0,103,1.0,3.376737248599361e-24,3.376737248599361e-24,2.7533136022797756e-15,2.7533136022797756e-15
0,104,1.0,1.4991922850490823e-24,1.4991922850490823e-24,2.1027387430095202e-16,2.1027387430095202e-16
0,105,1.0,-1.061250331722157e-22,1.061250331722157e-22,-6.765403678433788e-14,6.765403678433788e-14
0,106,1.0,-7.825966238815242e-23,7.825966238815242e-23,-5.350403247123994e-15,5.350403247123994e-15
0,107,1.0,-1.2324653652344859e-22,1.2324653652344859e-22,-3.4773637064475907e-14,3.4773637064475907e-14
0,108,1.0,-4.1795379571043524e-23,4.1795379571043524e-23,-2.2071396253732275e-14,2.2071396253732275e-14
0,109,1.0,3.5280769000502103e-23,3.5280769000502103e-23,3.332033813639289e-14,3.332033813639289e-14
0,110,1.0,-3.829334044511976e-23,3.829334044511976e-23,-9.700872663115727e-15,9.700872663115727e-15
0,111,1.0,2.089376401922693e-23,2.089376401922693e-23,9.888513441656452e-15,9.888513441656452e-15
0,112,1.0,2.1262139579429343e-23,2.1262139579429343e-23,8.770659053193082e-15,8.770659053193082e-15
0,113,1.0,-1.607873651961381e-23,1.607873651961381e-23,-2.55137504834539e-14,2.55137504834539e-14
0,114,1.0,1.338225848427459e-22,1.338225848427459e-22,9.876884255985271e-15,9.876884255985271e-15
0,115,1.0,-1.7500609628556833e-22,1.7500609628556833e-22,-1.3084160808630793e-14,1.3084160808630793e-14
0,116,1.0,-1.2042097402274443e-23,1.2042097402274443e-23,-6.412043074255075e-15,6.412043074255075e-15
0,117,1.0,-2.3164563638208482e-23,2.3164563638208482e-23,-2.7096894648727484e-14,2.7096894648727484e-14
0,118,1.0,-5.2850059778252827e-23,5.2850059778252827e-23,-6.615277210743502e-14,6.615277210743502e-14
0,119,1.0,-1.281955295652777e-23,1.281955295652777e-23,-8.70780927599212e-15,8.70780927599212e-15
0,120,1.0,-6.179443766752186e-23,6.179443766752186e-23,-9.699335504112741e-15,9.699335504112741e-15
0,121,1.0,3.37527903921606e-24,3.37527903921606e-24,1.372585677409143e-14,1.372585677409143e-14
0,122,1.0,-4.0959932485064685e-23,4.0959932485064685e-23,-2.4266352678515727e-14,2.4266352678515727e-14
0,123,1.0,-2.2482534221077026e-23,2.2482534221077026e-23,-3.7955868811670366e-14,3.7955868811670366e-14
0,124,1.0,5.566662768691565e-23,5.566662768691565e-23,1.0845948574858114e-14,1.0845948574858114e-14
0,125,1.0,-8.586292467372599e-23,8.586292467372599e-23,-7.266625043839156e-15,7.266625043839156e-15
0,126,1.0,-8.610978133907499e-23,8.610978133907499e-23,-1.5212580089984377e-14,1.5212580089984377e-14
0,127,1.0,3.3912656998908165e-23,3.3912656998908165e-23,1.7223533413004034e-14,1.7223533413004034e-14
